Sample_ID,Locality,Station,IGSN,Depth,Cat_No,UCIAMS_ID,NAU_ID,Analysis_Type,Calibration_Op,Calibration_Type
UF512435-1,NA; nearest is Lone Cabbage,NA,NA,NA,UF512435-1,225860,UAL19520,HP,R_F14C,likelihood
UF512435-2,NA; nearest is Lone Cabbage,NA,NA,NA,UF512435-2,225861,UAL19521,HP,R_F14C,likelihood
UF15491,NA; nearest is Big Hickory,NA,NA,NA,UF15491,225862,UAL19522,HP,R_F14C,likelihood
UF15484,NA; nearest is Little St. George Island,NA,NA,NA,UF15484,225863,UAL19523,HP,R_F14C,likelihood
BH_R1H1S1_173,Big Hickory,8828,IEPRI004C,15-25cm,PRI103539,NA,UAL20468,LP,R_F14C,likelihood
BH_R1H1S1_174,Big Hickory,8828,IEPRI004C,15-25cm,PRI103540,NA,UAL20466,LP,R_F14C,likelihood
BH_R1H1S1_240,Big Hickory,8828,IEPRI004C,15-25cm,PRI103541,NA,UAL20467,LP,R_F14C,likelihood
BH_R1H1S1_246,Big Hickory,8828,IEPRI004C,15-25cm,PRI103542,NA,UAL20469,LP,R_F14C,likelihood
BH_R1H1S2_205,Big Hickory,8828,IEPRI004D,25-35cm,PRI103543,NA,UAL20476,LP,R_F14C,likelihood
BH_R1H1S2_238,Big Hickory,8828,IEPRI004D,25-35cm,PRI103544,NA,UAL20474,LP,R_F14C,likelihood
BH_R1H1S2_248,Big Hickory,8828,IEPRI004D,25-35cm,PRI103545,NA,UAL20477,LP,R_F14C,likelihood
BH_R1H1S2_271,Big Hickory,8828,IEPRI004D,25-35cm,PRI103546,NA,UAL20475,LP,R_F14C,likelihood
BH_R1H1S2_284,Big Hickory,8828,IEPRI004D,25-35cm,PRI103547,NA,UAL20478,LP,R_F14C,likelihood
BH_R1H3S1_11,Big Hickory,8830,IEPRI004G,15-25cm,PRI103548,NA,UAL20472,LP,R_F14C,likelihood
BH_R1H3S1_218,Big Hickory,8830,IEPRI004G,15-25cm,PRI103549,NA,UAL20473,LP,R_F14C,likelihood
BH_R1H3S1_226,Big Hickory,8830,IEPRI004G,15-25cm,PRI103550,NA,UAL20470,LP,R_F14C,likelihood
BH_R1H3S1_332,Big Hickory,8830,IEPRI004G,15-25cm,PRI103551,NA,UAL20471,LP,R_F14C,likelihood
BH_R1H3S2_155,Big Hickory,8830,IEPRI004H,25-35cm,PRI85707,NA,UAL20985,LP,R_F14C,likelihood
BH_R1H3S2_173,Big Hickory,8830,IEPRI004H,25-35cm,PRI85708,NA,UAL20986,LP,R_F14C,likelihood
BH_R1H3S2_205,Big Hickory,8830,IEPRI004H,25-35cm,PRI85709,NA,UAL20987,LP,R_F14C,likelihood
BH_R1H3S2_212,Big Hickory,8830,IEPRI004H,25-35cm,PRI85710,NA,UAL21086,LP,R_F14C,likelihood
BH_R1H3S2_213,Big Hickory,8830,IEPRI004H,25-35cm,PRI85711,NA,UAL21087,LP,R_F14C,likelihood
BH_R1H3S2_259,Big Hickory,8830,IEPRI004H,25-35cm,PRI85712,NA,UAL21088,LP,R_F14C,likelihood
BH_R1H3S2_57,Big Hickory,8830,IEPRI004H,25-35cm,PRI85706,NA,UAL20984,LP,R_F14C,likelihood
BH_R2H1S1_155,Big Hickory,8831,IEPRI004I,15-25cm,PRI103552,NA,UAL20260,LP,R_F14C,likelihood
BH_R2H1S1_187,Big Hickory,8831,IEPRI004I,15-25cm,PRI103553,NA,UAL20261,LP,R_F14C,likelihood
BH_R2H1S1_192,Big Hickory,8831,IEPRI004I,15-25cm,PRI103554,NA,UAL20258,LP,R_F14C,likelihood
BH_R2H1S1_75,Big Hickory,8831,IEPRI004I,15-25cm,PRI103555,NA,UAL20259,LP,R_F14C,likelihood
BH_R2H2S1_174,Big Hickory,8832,IEPRI004K,15-25cm,PRI103556,NA,UAL20264,LP,R_F14C,likelihood
BH_R2H2S1_175,Big Hickory,8832,IEPRI004K,15-25cm,PRI103557,NA,UAL20262,LP,R_F14C,likelihood
BH_R2H2S1_176,Big Hickory,8832,IEPRI004K,15-25cm,PRI103558,NA,UAL20265,LP,R_F14C,likelihood
BH_R2H2S1_28,Big Hickory,8832,IEPRI004K,15-25cm,PRI103559,NA,UAL20263,LP,R_F14C,likelihood
BH_R2H2S2_114,Big Hickory,8832,IEPRI004L,25-35cm,PRI103560,NA,UAL20270,LP,R_F14C,likelihood
BH_R2H2S2_52,Big Hickory,8832,IEPRI004L,25-35cm,PRI103561,NA,UAL20273,LP,R_F14C,likelihood
BH_R2H2S2_74,Big Hickory,8832,IEPRI004L,25-35cm,PRI103562,NA,UAL20272,LP,R_F14C,likelihood
BH_R2H2S2_82,Big Hickory,8832,IEPRI004L,25-35cm,PRI103563,NA,UAL20274,LP,R_F14C,likelihood
BH_R2H2S2_88,Big Hickory,8832,IEPRI004L,25-35cm,PRI103564,NA,UAL20271,LP,R_F14C,likelihood
BH_R2H3S1_116,Big Hickory,8833,IEPRI004M,15-25cm,PRI103565,NA,UAL20266,LP,R_F14C,likelihood
BH_R2H3S1_170,Big Hickory,8833,IEPRI004M,15-25cm,PRI103566,NA,UAL20268,LP,R_F14C,likelihood
BH_R2H3S1_227,Big Hickory,8833,IEPRI004M,15-25cm,PRI103567,NA,UAL20267,LP,R_F14C,likelihood
BH_R2H3S1_288,Big Hickory,8833,IEPRI004M,15-25cm,PRI103568,NA,UAL20269,LP,R_F14C,likelihood
BH_R2H3S2_134,Big Hickory,8833,IEPRI004N,25-35cm,PRI85733,NA,UAL20988,LP,R_F14C,likelihood
BH_R2H3S2_139,Big Hickory,8833,IEPRI004N,25-35cm,PRI85732,NA,UAL20989,LP,R_F14C,likelihood
BH_R2H3S2_184,Big Hickory,8833,IEPRI004N,25-35cm,PRI85731,NA,UAL20990,LP,R_F14C,likelihood
BH_R2H3S2_192,Big Hickory,8833,IEPRI004N,25-35cm,PRI85727,NA,UAL20991,LP,R_F14C,likelihood
BH_R2H3S2_215,Big Hickory,8833,IEPRI004N,25-35cm,PRI85728,NA,UAL21089,LP,R_F14C,likelihood
BH_R2H3S2_216,Big Hickory,8833,IEPRI004N,25-35cm,PRI85729,NA,UAL21090,LP,R_F14C,likelihood
BH_R2H3S2_233,Big Hickory,8833,IEPRI004N,25-35cm,PRI85730,NA,UAL21091,LP,R_F14C,likelihood
BH_R3H1S1_190,Big Hickory,8834,IEPRI004O,15-25cm,PRI103569,NA,UAL20304,LP,R_F14C,likelihood
BH_R3H1S1_198,Big Hickory,8834,IEPRI004O,15-25cm,PRI103570,NA,UAL20203,LP,R_F14C,likelihood
BH_R3H1S1_235,Big Hickory,8834,IEPRI004O,15-25cm,PRI103571,NA,UAL20305,LP,R_F14C,likelihood
BH_R3H1S1_91,Big Hickory,8834,IEPRI004O,15-25cm,PRI103572,NA,UAL20302,LP,R_F14C,likelihood
BH_R3H1S2_247,Big Hickory,8834,IEPRI004P,25-35cm,PRI85679,NA,UAL20992,LP,R_F14C,likelihood
BH_R3H1S2_299,Big Hickory,8834,IEPRI004P,25-35cm,PRI85680,NA,UAL20993,LP,R_F14C,likelihood
BH_R3H1S2_318,Big Hickory,8834,IEPRI004P,25-35cm,PRI85650,NA,UAL20994,LP,R_F14C,likelihood
BH_R3H1S2_330,Big Hickory,8834,IEPRI004P,25-35cm,PRI85681,NA,UAL20995,LP,R_F14C,likelihood
BH_R3H1S2_356,Big Hickory,8834,IEPRI004P,25-35cm,PRI85682,NA,UAL21092,LP,R_F14C,likelihood
BH_R3H1S2_359,Big Hickory,8834,IEPRI004P,25-35cm,PRI85683,NA,UAL21093,LP,R_F14C,likelihood
BH_R3H1S2_385,Big Hickory,8834,IEPRI004P,25-35cm,PRI85684,NA,UAL21094,LP,R_F14C,likelihood
BH_R3H2S1_120,Big Hickory,8835,IEPRI004Q,15-25cm,PRI103573,NA,UAL20202,LP,R_F14C,likelihood
BH_R3H2S1_149,Big Hickory,8835,IEPRI004Q,15-25cm,PRI103574,NA,UAL20200,LP,R_F14C,likelihood
BH_R3H2S1_52,Big Hickory,8835,IEPRI004Q,15-25cm,PRI103575,NA,UAL20306,LP,R_F14C,likelihood
BH_R3H2S1_66,Big Hickory,8835,IEPRI004Q,15-25cm,PRI103576,NA,UAL20301,LP,R_F14C,likelihood
BH_R3H3S1_187,Big Hickory,8836,IEPRI004S,15-25cm,PRI103577,NA,UAL20303,LP,R_F14C,likelihood
BH_R3H3S1_209,Big Hickory,8836,IEPRI004S,15-25cm,PRI103578,NA,UAL20307,LP,R_F14C,likelihood
BH_R3H3S1_219,Big Hickory,8836,IEPRI004S,15-25cm,PRI103579,NA,UAL20201,LP,R_F14C,likelihood
BH_R3H3S1_35,Big Hickory,8836,IEPRI004S,15-25cm,PRI103580,NA,UAL20300,LP,R_F14C,likelihood
BH_R3H3S2_192,Big Hickory,8836,IEPRI004T,25-35cm,PRI103581,NA,UAL20206,LP,R_F14C,likelihood
BH_R3H3S2_229,Big Hickory,8836,IEPRI004T,25-35cm,PRI103582,NA,UAL20309,LP,R_F14C,likelihood
BH_R3H3S2_231,Big Hickory,8836,IEPRI004T,25-35cm,PRI103583,NA,UAL20308,LP,R_F14C,likelihood
BH_R3H3S2_247,Big Hickory,8836,IEPRI004T,25-35cm,PRI103584,NA,UAL20204,LP,R_F14C,likelihood
BH_R3H3S2_65,Big Hickory,8836,IEPRI004T,25-35cm,PRI103585,NA,UAL20205,LP,R_F14C,likelihood
HC-MC_R1H1S1_130,Hendry/Mullock Creeks,8858,IEPRI006R,15-25cm,PRI103674,NA,UAL20324,LP,R_F14C,likelihood
HC-MC_R1H1S1_155,Hendry/Mullock Creeks,8858,IEPRI006R,15-25cm,PRI103675,NA,UAL20323,LP,R_F14C,likelihood
HC-MC_R1H1S1_203,Hendry/Mullock Creeks,8858,IEPRI006R,15-25cm,PRI103676,NA,UAL20322,LP,R_F14C,likelihood
HC-MC_R1H1S1_94,Hendry/Mullock Creeks,8858,IEPRI006R,15-25cm,PRI103677,NA,UAL20216,LP,R_F14C,likelihood
HC-MC_R1H1S2_224,Hendry/Mullock Creeks,8858,IEPRI006S,25-35cm,PRI85687,NA,UAL21010,LP,R_F14C,likelihood
HC-MC_R1H1S2_276,Hendry/Mullock Creeks,8858,IEPRI006S,25-35cm,PRI85688,NA,UAL21011,LP,R_F14C,likelihood
HC-MC_R1H1S2_303,Hendry/Mullock Creeks,8858,IEPRI006S,25-35cm,PRI85689,NA,UAL21112,LP,R_F14C,likelihood
HC-MC_R1H1S2_342,Hendry/Mullock Creeks,8858,IEPRI006S,25-35cm,PRI85690,NA,UAL21113,LP,R_F14C,likelihood
HC-MC_R1H1S2_344,Hendry/Mullock Creeks,8858,IEPRI006S,25-35cm,PRI85691,NA,UAL21114,LP,R_F14C,likelihood
HC-MC_R1H1S2_42,Hendry/Mullock Creeks,8858,IEPRI006S,25-35cm,PRI85685,NA,UAL21008,LP,R_F14C,likelihood
HC-MC_R1H1S2_83,Hendry/Mullock Creeks,8858,IEPRI006S,25-35cm,PRI85686,NA,UAL21009,LP,R_F14C,likelihood
HC-MC_R1H2S1_117,Hendry/Mullock Creeks,8859,IEPRI006T,15-25cm,PRI103678,NA,UAL20214,LP,R_F14C,likelihood
HC-MC_R1H2S1_289,Hendry/Mullock Creeks,8859,IEPRI006T,15-25cm,PRI103679,NA,UAL20215,LP,R_F14C,likelihood
HC-MC_R1H2S1_326,Hendry/Mullock Creeks,8859,IEPRI006T,15-25cm,PRI103680,NA,UAL20321,LP,R_F14C,likelihood
HC-MC_R1H2S1_90,Hendry/Mullock Creeks,8859,IEPRI006T,15-25cm,PRI103681,NA,UAL20320,LP,R_F14C,likelihood
HC-MC_R1H2S2_145,Hendry/Mullock Creeks,8859,IEPRI006U,25-35cm,PRI103682,NA,UAL20220,LP,R_F14C,likelihood
HC-MC_R1H2S2_228,Hendry/Mullock Creeks,8859,IEPRI006U,25-35cm,PRI103683,NA,UAL20328,LP,R_F14C,likelihood
HC-MC_R1H2S2_241,Hendry/Mullock Creeks,8859,IEPRI006U,25-35cm,PRI103684,NA,UAL20218,LP,R_F14C,likelihood
HC-MC_R1H2S2_260,Hendry/Mullock Creeks,8859,IEPRI006U,25-35cm,PRI103685,NA,UAL20219,LP,R_F14C,likelihood
HC-MC_R1H2S2_329,Hendry/Mullock Creeks,8859,IEPRI006U,25-35cm,PRI103686,NA,UAL20329,LP,R_F14C,likelihood
HC-MC_R1H3S1_118,Hendry/Mullock Creeks,8860,IEPRI006V,15-25cm,PRI103687,NA,UAL20327,LP,R_F14C,likelihood
HC-MC_R1H3S1_34,Hendry/Mullock Creeks,8860,IEPRI006V,15-25cm,PRI103688,NA,UAL20217,LP,R_F14C,likelihood
HC-MC_R1H3S1_89,Hendry/Mullock Creeks,8860,IEPRI006V,15-25cm,PRI103689,NA,UAL20325,LP,R_F14C,likelihood
HC-MC_R1H3S1_92,Hendry/Mullock Creeks,8860,IEPRI006V,15-25cm,PRI103690,NA,UAL20326,LP,R_F14C,likelihood
HC-MC_R2H1S1_106,Hendry/Mullock Creeks,8861,IEPRI006X,15-25cm,PRI85828,NA,UAL21012,LP,R_F14C,likelihood
HC-MC_R2H1S1_121,Hendry/Mullock Creeks,8861,IEPRI006X,15-25cm,PRI85829,NA,UAL21013,LP,R_F14C,likelihood
HC-MC_R2H1S1_125,Hendry/Mullock Creeks,8861,IEPRI006X,15-25cm,PRI85830,NA,UAL21014,LP,R_F14C,likelihood
HC-MC_R2H1S1_131,Hendry/Mullock Creeks,8861,IEPRI006X,15-25cm,PRI85831,NA,UAL21015,LP,R_F14C,likelihood
HC-MC_R2H1S1_143,Hendry/Mullock Creeks,8861,IEPRI006X,15-25cm,PRI85832,NA,UAL21115,LP,R_F14C,likelihood
HC-MC_R2H1S1_174,Hendry/Mullock Creeks,8861,IEPRI006X,15-25cm,PRI85833,NA,UAL21116,LP,R_F14C,likelihood
HC-MC_R2H1S1_190,Hendry/Mullock Creeks,8861,IEPRI006X,15-25cm,PRI85834,NA,UAL21117,LP,R_F14C,likelihood
HC-MC_R2H1S2_148,Hendry/Mullock Creeks,8861,IEPRI006Y,25-35cm,PRI85837,NA,UAL21016,LP,R_F14C,likelihood
HC-MC_R2H1S2_160,Hendry/Mullock Creeks,8861,IEPRI006Y,25-35cm,PRI85839,NA,UAL21017,LP,R_F14C,likelihood
HC-MC_R2H1S2_166,Hendry/Mullock Creeks,8861,IEPRI006Y,25-35cm,PRI85840,NA,UAL21018,LP,R_F14C,likelihood
HC-MC_R2H1S2_182,Hendry/Mullock Creeks,8861,IEPRI006Y,25-35cm,PRI85835,NA,UAL21019,LP,R_F14C,likelihood
HC-MC_R2H1S2_195,Hendry/Mullock Creeks,8861,IEPRI006Y,25-35cm,PRI85841,NA,UAL21118,LP,R_F14C,likelihood
HC-MC_R2H1S2_207,Hendry/Mullock Creeks,8861,IEPRI006Y,25-35cm,PRI85838,NA,UAL21119,LP,R_F14C,likelihood
HC-MC_R2H1S2_215,Hendry/Mullock Creeks,8861,IEPRI006Y,25-35cm,PRI85836,NA,UAL21120,LP,R_F14C,likelihood
HC-MC_R2H3S1_116,Hendry/Mullock Creeks,8866,IEPRI007B,15-25cm,PRI103691,NA,UAL20444,LP,R_F14C,likelihood
HC-MC_R2H3S1_117,Hendry/Mullock Creeks,8866,IEPRI007B,15-25cm,PRI103692,NA,UAL20447,LP,R_F14C,likelihood
HC-MC_R2H3S1_131,Hendry/Mullock Creeks,8866,IEPRI007B,15-25cm,PRI103693,NA,UAL20445,LP,R_F14C,likelihood
HC-MC_R2H3S1_176,Hendry/Mullock Creeks,8866,IEPRI007B,15-25cm,PRI103694,NA,UAL20443,LP,R_F14C,likelihood
HC-MC_R2H3S1_206,Hendry/Mullock Creeks,8866,IEPRI007B,15-25cm,PRI103695,NA,UAL20446,LP,R_F14C,likelihood
HC-MC_R2H3S2_104,Hendry/Mullock Creeks,8866,IEPRI007C,25-35cm,PRI103696,NA,UAL20450,LP,R_F14C,likelihood
HC-MC_R2H3S2_109,Hendry/Mullock Creeks,8866,IEPRI007C,25-35cm,PRI103697,NA,UAL20451,LP,R_F14C,likelihood
HC-MC_R2H3S2_128,Hendry/Mullock Creeks,8866,IEPRI007C,25-35cm,PRI103698,NA,UAL20452,LP,R_F14C,likelihood
HC-MC_R2H3S2_159,Hendry/Mullock Creeks,8866,IEPRI007C,25-35cm,PRI103699,NA,UAL20449b,LP,R_F14C,likelihood
HC-MC_R2H3S2_92,Hendry/Mullock Creeks,8866,IEPRI007C,25-35cm,PRI103700,NA,UAL20448,LP,R_F14C,likelihood
LB_R1H1S1_170,Lemon Bay,8876,IEPRI007T,15-25cm,PRI103724,NA,UAL20313,LP,R_F14C,likelihood
LB_R1H1S1_194,Lemon Bay,8876,IEPRI007T,15-25cm,PRI103725,NA,UAL20210,LP,R_F14C,likelihood
LB_R1H1S1_291,Lemon Bay,8876,IEPRI007T,15-25cm,PRI103726,NA,UAL20209,LP,R_F14C,likelihood
LB_R1H1S1_321,Lemon Bay,8876,IEPRI007T,15-25cm,PRI103727,NA,UAL20314,LP,R_F14C,likelihood
LB_R1H1S2_251,Lemon Bay,8876,IEPRI007U,25-35cm,PRI85800,NA,UAL21039,LP,R_F14C,likelihood
LB_R1H1S2_255,Lemon Bay,8876,IEPRI007U,25-35cm,PRI85801,NA,UAL21040,LP,R_F14C,likelihood
LB_R1H1S2_267,Lemon Bay,8876,IEPRI007U,25-35cm,PRI85802,NA,UAL21041,LP,R_F14C,likelihood
LB_R1H1S2_386,Lemon Bay,8876,IEPRI007U,25-35cm,PRI85803,NA,UAL21042,LP,R_F14C,likelihood
LB_R1H1S2_477,Lemon Bay,8876,IEPRI007U,25-35cm,PRI85804,NA,UAL21152,LP,R_F14C,likelihood
LB_R1H1S2_499,Lemon Bay,8876,IEPRI007U,25-35cm,PRI85805,NA,UAL21153,LP,R_F14C,likelihood
LB_R1H1S2_597,Lemon Bay,8876,IEPRI007U,25-35cm,PRI85806,NA,UAL21154,LP,R_F14C,likelihood
LB_R1H2S1_199,Lemon Bay,8877,IEPRI007V,15-25cm,PRI103728,NA,UAL20317,LP,R_F14C,likelihood
LB_R1H2S1_249,Lemon Bay,8877,IEPRI007V,15-25cm,PRI103729,NA,UAL20312,LP,R_F14C,likelihood
LB_R1H2S1_25,Lemon Bay,8877,IEPRI007V,15-25cm,PRI103730,NA,UAL20315,LP,R_F14C,likelihood
LB_R1H2S1_318,Lemon Bay,8877,IEPRI007V,15-25cm,PRI103731,NA,UAL20208,LP,R_F14C,likelihood
LB_R1H3S1_112,Lemon Bay,8878,IEPRI007X,15-25cm,PRI103732,NA,UAL20316,LP,R_F14C,likelihood
LB_R1H3S1_190,Lemon Bay,8878,IEPRI007X,15-25cm,PRI103733,NA,UAL20318,LP,R_F14C,likelihood
LB_R1H3S1_257,Lemon Bay,8878,IEPRI007X,15-25cm,PRI103734,NA,UAL20207,LP,R_F14C,likelihood
LB_R1H3S1_258,Lemon Bay,8878,IEPRI007X,15-25cm,PRI103735,NA,UAL20319,LP,R_F14C,likelihood
LB_R1H3S2_113,Lemon Bay,8878,IEPRI007Y,25-35cm,PRI103736,NA,UAL20213,LP,R_F14C,likelihood
LB_R1H3S2_207,Lemon Bay,8878,IEPRI007Y,25-35cm,PRI103737,NA,UAL20311,LP,R_F14C,likelihood
LB_R1H3S2_232,Lemon Bay,8878,IEPRI007Y,25-35cm,PRI103738,NA,UAL20310,LP,R_F14C,likelihood
LB_R1H3S2_270,Lemon Bay,8878,IEPRI007Y,25-35cm,PRI103739,NA,UAL20211,LP,R_F14C,likelihood
LB_R1H3S2_43,Lemon Bay,8878,IEPRI007Y,25-35cm,PRI103740,NA,UAL20212,LP,R_F14C,likelihood
LB_R2H1S1_124,Lemon Bay,8879,IEPRI007Z,15-25cm,PRI103741,NA,UAL20350,LP,R_F14C,likelihood
LB_R2H1S1_3,Lemon Bay,8879,IEPRI007Z,15-25cm,PRI103742,NA,UAL20342,LP,R_F14C,likelihood
LB_R2H1S1_93,Lemon Bay,8879,IEPRI007Z,15-25cm,PRI103743,NA,UAL20346,LP,R_F14C,likelihood
LB_R2H1S1_96,Lemon Bay,8879,IEPRI007Z,15-25cm,PRI103744,NA,UAL20349,LP,R_F14C,likelihood
LB_R2H1S2_142,Lemon Bay,8879,IEPRI008A,25-35cm,PRI103745,NA,UAL20353,LP,R_F14C,likelihood
LB_R2H1S2_64,Lemon Bay,8879,IEPRI008A,25-35cm,PRI103746,NA,UAL20352,LP,R_F14C,likelihood
LB_R2H1S2_79,Lemon Bay,8879,IEPRI008A,25-35cm,PRI103747,NA,UAL20351,LP,R_F14C,likelihood
LB_R2H1S2_80,Lemon Bay,8879,IEPRI008A,25-35cm,PRI103748,NA,UAL20355,LP,R_F14C,likelihood
LB_R2H1S2_99,Lemon Bay,8879,IEPRI008A,25-35cm,PRI103749,NA,UAL20354,LP,R_F14C,likelihood
LB_R2H2S1_102,Lemon Bay,8880,IEPRI008B,15-25cm,PRI103750,NA,UAL20348,LP,R_F14C,likelihood
LB_R2H2S1_153,Lemon Bay,8880,IEPRI008B,15-25cm,PRI103751,NA,UAL20341,LP,R_F14C,likelihood
LB_R2H2S1_201,Lemon Bay,8880,IEPRI008B,15-25cm,PRI103752,NA,UAL20340,LP,R_F14C,likelihood
LB_R2H2S1_213,Lemon Bay,8880,IEPRI008B,15-25cm,PRI103753,NA,UAL20345,LP,R_F14C,likelihood
LB_R2H2S2_125,Lemon Bay,8880,IEPRI008C,25-35cm,PRI85696,NA,UAL21155,LP,R_F14C,likelihood
LB_R2H2S2_135,Lemon Bay,8880,IEPRI008C,25-35cm,PRI85697,NA,UAL21156,LP,R_F14C,likelihood
LB_R2H2S2_141,Lemon Bay,8880,IEPRI008C,25-35cm,PRI85698,NA,UAL21157,LP,R_F14C,likelihood
LB_R2H2S2_85,Lemon Bay,8880,IEPRI008C,25-35cm,PRI85692,NA,UAL21043,LP,R_F14C,likelihood
LB_R2H2S2_88,Lemon Bay,8880,IEPRI008C,25-35cm,PRI85693,NA,UAL21044,LP,R_F14C,likelihood
LB_R2H2S2_94,Lemon Bay,8880,IEPRI008C,25-35cm,PRI85694,NA,UAL21045,LP,R_F14C,likelihood
LB_R2H2S2_96,Lemon Bay,8880,IEPRI008C,25-35cm,PRI85695,NA,UAL21046,LP,R_F14C,likelihood
LB_R2H3S1_121,Lemon Bay,8881,IEPRI008D,15-25cm,PRI103754,NA,UAL20344,LP,R_F14C,likelihood
LB_R2H3S1_149,Lemon Bay,8881,IEPRI008D,15-25cm,PRI103755,NA,UAL20343,LP,R_F14C,likelihood
LB_R2H3S1_183,Lemon Bay,8881,IEPRI008D,15-25cm,PRI103756,NA,UAL20347,LP,R_F14C,likelihood
LB_R3H1S1_202,Lemon Bay,8882,IEPRI008E,15-25cm,PRI103757,NA,UAL20519,LP,R_F14C,likelihood
LB_R3H1S1_233,Lemon Bay,8882,IEPRI008E,15-25cm,PRI103758,NA,UAL20523,LP,R_F14C,likelihood
LB_R3H1S1_264,Lemon Bay,8882,IEPRI008E,15-25cm,PRI103759,NA,UAL20522,LP,R_F14C,likelihood
LB_R3H1S1_281,Lemon Bay,8882,IEPRI008E,15-25cm,PRI103760,NA,UAL20521,LP,R_F14C,likelihood
LB_R3H1S1_285,Lemon Bay,8882,IEPRI008E,15-25cm,PRI103761,NA,UAL20520,LP,R_F14C,likelihood
LB_R3H1S2_226,Lemon Bay,8882,IEPRI008F,25-35cm,PRI103762,NA,UAL20524,LP,R_F14C,likelihood
LB_R3H1S2_227,Lemon Bay,8882,IEPRI008F,25-35cm,PRI103763,NA,UAL20528,LP,R_F14C,likelihood
LB_R3H1S2_297,Lemon Bay,8882,IEPRI008F,25-35cm,PRI103764,NA,UAL20525,LP,R_F14C,likelihood
LB_R3H1S2_3,Lemon Bay,8882,IEPRI008F,25-35cm,PRI103765,NA,UAL20526,LP,R_F14C,likelihood
LB_R3H1S2_307,Lemon Bay,8882,IEPRI008F,25-35cm,PRI103766,NA,UAL20527,LP,R_F14C,likelihood
NP_R1H1S1_149,New Pass,8918,IEPRI00AL,15-30cm,PRI85748,NA,UAL21067,LP,R_F14C,likelihood
NP_R1H1S1_158,New Pass,8918,IEPRI00AL,15-30cm,PRI85749,NA,UAL21068,LP,R_F14C,likelihood
NP_R1H1S1_176,New Pass,8918,IEPRI00AL,15-30cm,PRI85750,NA,UAL21069,LP,R_F14C,likelihood
NP_R1H1S1_185,New Pass,8918,IEPRI00AL,15-30cm,PRI85751,NA,UAL21070,LP,R_F14C,likelihood
NP_R1H1S1_196,New Pass,8918,IEPRI00AL,15-30cm,PRI85752,NA,UAL21173,LP,R_F14C,likelihood
NP_R1H1S1_250,New Pass,8918,IEPRI00AL,15-30cm,PRI85753,NA,UAL21174,LP,R_F14C,likelihood
NP_R1H1S1_291,New Pass,8918,IEPRI00AL,15-30cm,PRI85754,NA,UAL21175,LP,R_F14C,likelihood
NP_R1H1S2_322,New Pass,8918,IEPRI00AM,30-45cm,PRI85764,NA,UAL21071,LP,R_F14C,likelihood
NP_R1H1S2_333,New Pass,8918,IEPRI00AM,30-45cm,PRI85765,NA,UAL21072,LP,R_F14C,likelihood
NP_R1H1S2_342,New Pass,8918,IEPRI00AM,30-45cm,PRI85766,NA,UAL21073,LP,R_F14C,likelihood
NP_R1H1S2_349,New Pass,8918,IEPRI00AM,30-45cm,PRI85767,NA,UAL21074,LP,R_F14C,likelihood
NP_R1H1S2_374,New Pass,8918,IEPRI00AM,30-45cm,PRI85768,NA,UAL21176,LP,R_F14C,likelihood
NP_R1H1S2_388,New Pass,8918,IEPRI00AM,30-45cm,PRI85769,NA,UAL21177,LP,R_F14C,likelihood
NP_R1H1S2_419,New Pass,8918,IEPRI00AM,30-45cm,PRI85770,NA,UAL21178,LP,R_F14C,likelihood
NP_R1H2S1_58,New Pass,8919,IEPRI00AN,15-30cm,PRI85755,NA,UAL21075,LP,R_F14C,likelihood
NP_R1H2S1_68,New Pass,8919,IEPRI00AN,15-30cm,PRI85756,NA,UAL21076,LP,R_F14C,likelihood
NP_R1H2S1_72,New Pass,8919,IEPRI00AN,15-30cm,PRI85759,NA,UAL21077,LP,R_F14C,likelihood
NP_R1H2S1_73,New Pass,8919,IEPRI00AN,15-30cm,PRI85760,NA,UAL21078,LP,R_F14C,likelihood
NP_R1H2S1_77,New Pass,8919,IEPRI00AN,15-30cm,PRI85761,NA,UAL21179,LP,R_F14C,likelihood
NP_R1H2S1_93,New Pass,8919,IEPRI00AN,15-30cm,PRI85762,NA,UAL21180,LP,R_F14C,likelihood
NP_R1H2S1_94,New Pass,8919,IEPRI00AN,15-30cm,PRI85763,NA,UAL21181,LP,R_F14C,likelihood
NP_R1H2S2_119,New Pass,8919,IEPRI00AO,30-45cm,PRI85744,NA,UAL21082,LP,R_F14C,likelihood
NP_R1H2S2_169,New Pass,8919,IEPRI00AO,30-45cm,PRI85745,NA,UAL21182,LP,R_F14C,likelihood
NP_R1H2S2_173,New Pass,8919,IEPRI00AO,30-45cm,PRI85746,NA,UAL21183,LP,R_F14C,likelihood
NP_R1H2S2_187,New Pass,8919,IEPRI00AO,30-45cm,PRI85747,NA,UAL21184,LP,R_F14C,likelihood
NP_R1H2S2_37,New Pass,8919,IEPRI00AO,30-45cm,PRI85741,NA,UAL21079,LP,R_F14C,likelihood
NP_R1H2S2_65,New Pass,8919,IEPRI00AO,30-45cm,PRI85742,NA,UAL21080,LP,R_F14C,likelihood
NP_R1H2S2_78,New Pass,8919,IEPRI00AO,30-45cm,PRI85743,NA,UAL21081,LP,R_F14C,likelihood
NP_R2H1S1_100,New Pass,8921,IEPRI00AR,15-25cm,PRI103892,NA,UAL20228,LP,R_F14C,likelihood
NP_R2H1S1_115,New Pass,8921,IEPRI00AR,15-25cm,PRI103893,NA,UAL20230,LP,R_F14C,likelihood
NP_R2H1S1_123,New Pass,8921,IEPRI00AR,15-25cm,PRI103894,NA,UAL20234,LP,R_F14C,likelihood
NP_R2H1S1_76,New Pass,8921,IEPRI00AR,15-25cm,PRI103895,NA,UAL20229,LP,R_F14C,likelihood
NP_R2H1S2_139,New Pass,8921,IEPRI00AS,25-35cm,PRI85852,NA,UAL21083,LP,R_F14C,likelihood
NP_R2H1S2_161,New Pass,8921,IEPRI00AS,25-35cm,PRI85853,NA,UAL21084,LP,R_F14C,likelihood
NP_R2H1S2_165,New Pass,8921,IEPRI00AS,25-35cm,PRI85854,NA,UAL22085,LP,R_F14C,likelihood
NP_R2H1S2_176,New Pass,8921,IEPRI00AS,25-35cm,PRI85855,NA,UAL21185,LP,R_F14C,likelihood
NP_R2H1S2_182,New Pass,8921,IEPRI00AS,25-35cm,PRI85856,NA,UAL21186,LP,R_F14C,likelihood
NP_R2H1S2_189,New Pass,8921,IEPRI00AS,25-35cm,PRI85857,NA,UAL22187,LP,R_F14C,likelihood
NP_R2H1S2_199,New Pass,8921,IEPRI00AS,25-35cm,PRI85858,NA,UAL21188,LP,R_F14C,likelihood
NP_R2H2S1_113,New Pass,8922,IEPRI00AT,15-25cm,PRI103896,NA,UAL18014,LP,R_F14C,likelihood
NP_R2H2S1_114,New Pass,8922,IEPRI00AT,15-25cm,PRI103897,NA,UAL18015,LP,R_F14C,likelihood
NP_R2H2S1_139,New Pass,8922,IEPRI00AT,15-25cm,PRI103898,NA,UAL18016,LP,R_F14C,likelihood
NP_R2H2S1_164,New Pass,8922,IEPRI00AT,15-25cm,PRI103899,NA,UAL18017,LP,R_F14C,likelihood
NP_R2H2S1_165,New Pass,8922,IEPRI00AT,15-25cm,PRI103900,NA,UAL18018,LP,R_F14C,likelihood
NP_R2H2S2_1,New Pass,8922,IEPRI00AU,25-35cm,PRI103901,NA,UAL18019,LP,R_F14C,likelihood
NP_R2H2S2_2,New Pass,8922,IEPRI00AU,25-35cm,PRI103902,NA,UAL18020,LP,R_F14C,likelihood
NP_R2H2S2_3,New Pass,8922,IEPRI00AU,25-35cm,PRI103903,NA,UAL18021,LP,R_F14C,likelihood
NP_R2H2S2_4,New Pass,8922,IEPRI00AU,25-35cm,PRI103904,NA,UAL18022,LP,R_F14C,likelihood
NP_R2H2S2_5,New Pass,8922,IEPRI00AU,25-35cm,PRI103905,NA,UAL18023,LP,R_F14C,likelihood
NP_R2H3S1_114,New Pass,8923,IEPRI00AV,15-25cm,PRI103906,NA,UAL20232,LP,R_F14C,likelihood
NP_R2H3S1_65,New Pass,8923,IEPRI00AV,15-25cm,PRI103907,NA,UAL20231,LP,R_F14C,likelihood
NP_R2H3S1_70,New Pass,8923,IEPRI00AV,15-25cm,PRI103908,NA,UAL20233,LP,R_F14C,likelihood
NP_R3H1S1_1,New Pass,8924,IEPRI00AX,15-25cm,PRI103909,NA,UAL20436,LP,R_F14C,likelihood
NP_R3H1S1_35,New Pass,8924,IEPRI00AX,15-25cm,PRI103910,NA,UAL20434,LP,R_F14C,likelihood
NP_R3H1S1_52,New Pass,8924,IEPRI00AX,15-25cm,PRI103911,NA,UAL20433,LP,R_F14C,likelihood
NP_R3H1S1_56,New Pass,8924,IEPRI00AX,15-25cm,PRI103912,NA,UAL20435,LP,R_F14C,likelihood
NP_R3H1S1_60,New Pass,8924,IEPRI00AX,15-25cm,PRI103913,NA,UAL20437,LP,R_F14C,likelihood
NP_R3H1S2_106,New Pass,8924,IEPRI00AY,25-35cm,PRI103914,NA,UAL20441,LP,R_F14C,likelihood
NP_R3H1S2_158,New Pass,8924,IEPRI00AY,25-35cm,PRI103915,NA,UAL20440,LP,R_F14C,likelihood
NP_R3H1S2_159,New Pass,8924,IEPRI00AY,25-35cm,PRI103916,NA,UAL20442,LP,R_F14C,likelihood
NP_R3H1S2_162,New Pass,8924,IEPRI00AY,25-35cm,PRI103917,NA,UAL20438,LP,R_F14C,likelihood
NP_R3H1S2_74,New Pass,8924,IEPRI00AY,25-35cm,PRI103918,NA,UAL20439,LP,R_F14C,likelihood
GI-EC_R1H1S1_106,Goose Island/East Cove,8837,IEPRI004U,15-25cm,PRI103586,NA,UAL20542,LP,R_F14C,likelihood
GI-EC_R1H1S1_119,Goose Island/East Cove,8837,IEPRI004U,15-25cm,PRI103587,NA,UAL20545,LP,R_F14C,likelihood
GI-EC_R1H1S1_155,Goose Island/East Cove,8837,IEPRI004U,15-25cm,PRI103588,NA,UAL20544,LP,R_F14C,likelihood
GI-EC_R1H1S1_70,Goose Island/East Cove,8837,IEPRI004U,15-25cm,PRI103589,NA,UAL20543,LP,R_F14C,likelihood
GI-EC_R1H1S1_72,Goose Island/East Cove,8837,IEPRI004U,15-25cm,PRI103590,NA,UAL20546,LP,R_F14C,likelihood
GI-EC_R1H1S2_34,Goose Island/East Cove,8837,IEPRI004V,25-35cm,PRI103591,NA,UAL20550,LP,R_F14C,likelihood
GI-EC_R1H1S2_42,Goose Island/East Cove,8837,IEPRI004V,25-35cm,PRI103592,NA,UAL20547,LP,R_F14C,likelihood
GI-EC_R1H1S2_75,Goose Island/East Cove,8837,IEPRI004V,25-35cm,PRI103593,NA,UAL20548,LP,R_F14C,likelihood
GI-EC_R1H1S2_82,Goose Island/East Cove,8837,IEPRI004V,25-35cm,PRI103594,NA,UAL20549,LP,R_F14C,likelihood
GI-EC_R1H1S2_83,Goose Island/East Cove,8837,IEPRI004V,25-35cm,PRI103595,NA,UAL20551,LP,R_F14C,likelihood
GI-EC_R1H3S1_118,Goose Island/East Cove,8839,IEPRI004Y,15-25cm,PRI85787,NA,UAL20998,LP,R_F14C,likelihood
GI-EC_R1H3S1_125,Goose Island/East Cove,8839,IEPRI004Y,15-25cm,PRI85788,NA,UAL20999,LP,R_F14C,likelihood
GI-EC_R1H3S1_129,Goose Island/East Cove,8839,IEPRI004Y,15-25cm,PRI85789,NA,UAL21095,LP,R_F14C,likelihood
GI-EC_R1H3S1_143,Goose Island/East Cove,8839,IEPRI004Y,15-25cm,PRI85790,NA,UAL21096,LP,R_F14C,likelihood
GI-EC_R1H3S1_176,Goose Island/East Cove,8839,IEPRI004Y,15-25cm,PRI85791,NA,UAL21097,LP,R_F14C,likelihood
GI-EC_R1H3S1_48,Goose Island/East Cove,8839,IEPRI004Y,15-25cm,PRI85785,NA,UAL20996,LP,R_F14C,likelihood
GI-EC_R1H3S1_49,Goose Island/East Cove,8839,IEPRI004Y,15-25cm,PRI85786,NA,UAL20997,LP,R_F14C,likelihood
GI-EC_R1H3S2_109,Goose Island/East Cove,8839,IEPRI004Z,25-35cm,PRI85773,NA,UAL21002,LP,R_F14C,likelihood
GI-EC_R1H3S2_119,Goose Island/East Cove,8839,IEPRI004Z,25-35cm,PRI85774,NA,UAL21003,LP,R_F14C,likelihood
GI-EC_R1H3S2_122,Goose Island/East Cove,8839,IEPRI004Z,25-35cm,PRI85775,NA,UAL21098,LP,R_F14C,likelihood
GI-EC_R1H3S2_124,Goose Island/East Cove,8839,IEPRI004Z,25-35cm,PRI85776,NA,UAL21099,LP,R_F14C,likelihood
GI-EC_R1H3S2_132,Goose Island/East Cove,8839,IEPRI004Z,25-35cm,PRI85777,NA,UAL21100,LP,R_F14C,likelihood
GI-EC_R1H3S2_41,Goose Island/East Cove,8839,IEPRI004Z,25-35cm,PRI85771,NA,UAL21000,LP,R_F14C,likelihood
GI-EC_R1H3S2_97,Goose Island/East Cove,8839,IEPRI004Z,25-35cm,PRI85772,NA,UAL21001,LP,R_F14C,likelihood
GI-EC_R2H3S1_18,Goose Island/East Cove,8842,IEPRI005E,15-25cm,PRI103596,NA,UAL20380,LP,R_F14C,likelihood
GI-EC_R2H3S1_227,Goose Island/East Cove,8842,IEPRI005E,15-25cm,PRI103597,NA,UAL20382,LP,R_F14C,likelihood
GI-EC_R2H3S1_243,Goose Island/East Cove,8842,IEPRI005E,15-25cm,PRI103598,NA,UAL20383,LP,R_F14C,likelihood
GI-EC_R2H3S1_307,Goose Island/East Cove,8842,IEPRI005E,15-25cm,PRI103599,NA,UAL20381,LP,R_F14C,likelihood
GI-EC_R2H3S1_335,Goose Island/East Cove,8842,IEPRI005E,15-25cm,PRI103600,NA,UAL20379,LP,R_F14C,likelihood
GI-EC_R2H3S2_113,Goose Island/East Cove,8842,IEPRI005F,25-35cm,PRI103601,NA,UAL20388,LP,R_F14C,likelihood
GI-EC_R2H3S2_38,Goose Island/East Cove,8842,IEPRI005F,25-35cm,PRI103602,NA,UAL20384,LP,R_F14C,likelihood
GI-EC_R2H3S2_43,Goose Island/East Cove,8842,IEPRI005F,25-35cm,PRI103603,NA,UAL20387,LP,R_F14C,likelihood
GI-EC_R2H3S2_77,Goose Island/East Cove,8842,IEPRI005F,25-35cm,PRI103604,NA,UAL20386,LP,R_F14C,likelihood
GI-EC_R2H3S2_99,Goose Island/East Cove,8842,IEPRI005F,25-35cm,PRI103605,NA,UAL20385,LP,R_F14C,likelihood
GI-EC_R4H1S1_167,Goose Island/East Cove,8846,IEPRI005M,15-25cm,PRI103606,NA,UAL20282,LP,R_F14C,likelihood
GI-EC_R4H1S1_34,Goose Island/East Cove,8846,IEPRI005M,15-25cm,PRI103607,NA,UAL20174,LP,R_F14C,likelihood
GI-EC_R4H1S1_77,Goose Island/East Cove,8846,IEPRI005M,15-25cm,PRI103608,NA,UAL20285,LP,R_F14C,likelihood
GI-EC_R4H2S1_102,Goose Island/East Cove,8847,IEPRI005O,15-25cm,PRI103609,NA,UAL20283,LP,R_F14C,likelihood
GI-EC_R4H2S1_126,Goose Island/East Cove,8847,IEPRI005O,15-25cm,PRI103610,NA,UAL20281,LP,R_F14C,likelihood
GI-EC_R4H2S1_128,Goose Island/East Cove,8847,IEPRI005O,15-25cm,PRI103611,NA,UAL20284,LP,R_F14C,likelihood
GI-EC_R4H2S1_160,Goose Island/East Cove,8847,IEPRI005O,15-25cm,PRI103612,NA,UAL20173,LP,R_F14C,likelihood
GI-EC_R4H2S1_203,Goose Island/East Cove,8847,IEPRI005O,15-25cm,PRI103613,NA,UAL20172,LP,R_F14C,likelihood
GI-EC_R4H2S1_238,Goose Island/East Cove,8847,IEPRI005O,15-25cm,PRI103614,NA,UAL20287,LP,R_F14C,likelihood
GI-EC_R4H2S2_104,Goose Island/East Cove,8847,IEPRI005P,25-35cm,PRI85651,NA,UAL21101,LP,R_F14C,likelihood
GI-EC_R4H2S2_119,Goose Island/East Cove,8847,IEPRI005P,25-35cm,PRI85677,NA,UAL21102,LP,R_F14C,likelihood
GI-EC_R4H2S2_135,Goose Island/East Cove,8847,IEPRI005P,25-35cm,PRI85678,NA,UAL21103,LP,R_F14C,likelihood
GI-EC_R4H2S2_34,Goose Island/East Cove,8847,IEPRI005P,25-35cm,PRI85673,NA,UAL21004,LP,R_F14C,likelihood
GI-EC_R4H2S2_46,Goose Island/East Cove,8847,IEPRI005P,25-35cm,PRI85674,NA,UAL21005,LP,R_F14C,likelihood
GI-EC_R4H2S2_62,Goose Island/East Cove,8847,IEPRI005P,25-35cm,PRI85675,NA,UAL21006,LP,R_F14C,likelihood
GI-EC_R4H2S2_70,Goose Island/East Cove,8847,IEPRI005P,25-35cm,PRI85676,NA,UAL21007,LP,R_F14C,likelihood
GI-EC_R4H3S1_153,Goose Island/East Cove,8848,IEPRI005Q,15-25cm,PRI103615,NA,UAL20286,LP,R_F14C,likelihood
GI-EC_R4H3S1_18,Goose Island/East Cove,8848,IEPRI005Q,15-25cm,PRI103616,NA,UAL20175,LP,R_F14C,likelihood
GI-EC_R4H3S1_94,Goose Island/East Cove,8848,IEPRI005Q,15-25cm,PRI103617,NA,UAL20288,LP,R_F14C,likelihood
GI-EC_R4H3S2_48,Goose Island/East Cove,8848,IEPRI005R,25-35cm,PRI103618,NA,UAL20176,LP,R_F14C,likelihood
GI-EC_R4H3S2_54,Goose Island/East Cove,8848,IEPRI005R,25-35cm,PRI103619,NA,UAL20178,LP,R_F14C,likelihood
GI-EC_R4H3S2_66,Goose Island/East Cove,8848,IEPRI005R,25-35cm,PRI103620,NA,UAL20289,LP,R_F14C,likelihood
GI-EC_R4H3S2_82,Goose Island/East Cove,8848,IEPRI005R,25-35cm,PRI103621,NA,UAL20177,LP,R_F14C,likelihood
GI-EC_R4H3S2_83,Goose Island/East Cove,8848,IEPRI005R,25-35cm,PRI103622,NA,UAL20290,LP,R_F14C,likelihood
LC_R1H1S1_104,Lone Cabbage,8885,IEPRI008K,15-25cm,PRI103767,NA,UAL20360,LP,R_F14C,likelihood
LC_R1H1S1_109,Lone Cabbage,8885,IEPRI008K,15-25cm,PRI103768,NA,UAL20363,LP,R_F14C,likelihood
LC_R1H1S1_118,Lone Cabbage,8885,IEPRI008K,15-25cm,PRI103769,NA,UAL20361,LP,R_F14C,likelihood
LC_R1H1S1_99,Lone Cabbage,8885,IEPRI008K,15-25cm,PRI103770,NA,UAL20362,LP,R_F14C,likelihood
LC_R1H2S1_137,Lone Cabbage,8886,IEPRI008M,15-25cm,PRI103771,NA,UAL20359,LP,R_F14C,likelihood
LC_R1H2S1_149,Lone Cabbage,8886,IEPRI008M,15-25cm,PRI103772,NA,UAL20357,LP,R_F14C,likelihood
LC_R1H2S1_167,Lone Cabbage,8886,IEPRI008M,15-25cm,PRI103773,NA,UAL20358,LP,R_F14C,likelihood
LC_R1H2S1_185,Lone Cabbage,8886,IEPRI008M,15-25cm,PRI103774,NA,UAL20356,LP,R_F14C,likelihood
LC_R1H2S2_111,Lone Cabbage,8886,IEPRI008N,25-35cm,PRI103775,NA,UAL20365,LP,R_F14C,likelihood
LC_R1H2S2_119,Lone Cabbage,8886,IEPRI008N,25-35cm,PRI103776,NA,UAL20368,LP,R_F14C,likelihood
LC_R1H2S2_128,Lone Cabbage,8886,IEPRI008N,25-35cm,PRI103777,NA,UAL20367,LP,R_F14C,likelihood
LC_R1H2S2_160,Lone Cabbage,8886,IEPRI008N,25-35cm,PRI103778,NA,UAL20366,LP,R_F14C,likelihood
LC_R1H2S2_200,Lone Cabbage,8886,IEPRI008N,25-35cm,PRI103779,NA,UAL20364,LP,R_F14C,likelihood
LC_R2H1S1_122,Lone Cabbage,8888,IEPRI008Q,15-25cm,PRI103780,NA,UAL20459,LP,R_F14C,likelihood
LC_R2H1S1_128,Lone Cabbage,8888,IEPRI008Q,15-25cm,PRI103781,NA,UAL20457,LP,R_F14C,likelihood
LC_R2H1S1_148,Lone Cabbage,8888,IEPRI008Q,15-25cm,PRI103782,NA,UAL20458,LP,R_F14C,likelihood
LC_R2H1S1_8,Lone Cabbage,8888,IEPRI008Q,15-25cm,PRI103783,NA,UAL20460,LP,R_F14C,likelihood
LC_R2H2S1_120,Lone Cabbage,8889,IEPRI008S,15-25cm,PRI103784,NA,UAL20455,LP,R_F14C,likelihood
LC_R2H2S1_15,Lone Cabbage,8889,IEPRI008S,15-25cm,PRI103785,NA,UAL20453,LP,R_F14C,likelihood
LC_R2H2S1_73,Lone Cabbage,8889,IEPRI008S,15-25cm,PRI103786,NA,UAL20456,LP,R_F14C,likelihood
LC_R2H2S1_77,Lone Cabbage,8889,IEPRI008S,15-25cm,PRI103787,NA,UAL20454,LP,R_F14C,likelihood
LC_R2H2S2_131,Lone Cabbage,8889,IEPRI008T,25-35cm,PRI103788,NA,UAL20463,LP,R_F14C,likelihood
LC_R2H2S2_207,Lone Cabbage,8889,IEPRI008T,25-35cm,PRI103789,NA,UAL20464,LP,R_F14C,likelihood
LC_R2H2S2_230,Lone Cabbage,8889,IEPRI008T,25-35cm,PRI103790,NA,UAL20462,LP,R_F14C,likelihood
LC_R2H2S2_35,Lone Cabbage,8889,IEPRI008T,25-35cm,PRI103791,NA,UAL20465,LP,R_F14C,likelihood
LC_R2H2S2_96,Lone Cabbage,8889,IEPRI008T,25-35cm,PRI103792,NA,UAL20461,LP,R_F14C,likelihood
LC_R3H1S1_10,Lone Cabbage,8891,IEPRI008W,15-25cm,PRI103793,NA,UAL20532,LP,R_F14C,likelihood
LC_R3H1S1_24,Lone Cabbage,8891,IEPRI008W,15-25cm,PRI103794,NA,UAL20529,LP,R_F14C,likelihood
LC_R3H1S1_52,Lone Cabbage,8891,IEPRI008W,15-25cm,PRI103795,NA,UAL20531,LP,R_F14C,likelihood
LC_R3H1S1_78,Lone Cabbage,8891,IEPRI008W,15-25cm,PRI103796,NA,UAL20530,LP,R_F14C,likelihood
LC_R3H1S2_104,Lone Cabbage,8891,IEPRI008X,25-35cm,PRI103797,NA,UAL20541,LP,R_F14C,likelihood
LC_R3H1S2_155,Lone Cabbage,8891,IEPRI008X,25-35cm,PRI103798,NA,UAL20537,LP,R_F14C,likelihood
LC_R3H1S2_167,Lone Cabbage,8891,IEPRI008X,25-35cm,PRI103799,NA,UAL20539,LP,R_F14C,likelihood
LC_R3H1S2_180,Lone Cabbage,8891,IEPRI008X,25-35cm,PRI103800,NA,UAL20538,LP,R_F14C,likelihood
LC_R3H1S2_185,Lone Cabbage,8891,IEPRI008X,25-35cm,PRI103801,NA,UAL20540,LP,R_F14C,likelihood
LC_R3H2S1_100,Lone Cabbage,8892,IEPRI008Y,15-25cm,PRI103802,NA,UAL20533,LP,R_F14C,likelihood
LC_R3H2S1_217,Lone Cabbage,8892,IEPRI008Y,15-25cm,PRI103803,NA,UAL20535,LP,R_F14C,likelihood
LC_R3H2S1_224,Lone Cabbage,8892,IEPRI008Y,15-25cm,PRI103804,NA,UAL20536,LP,R_F14C,likelihood
LC_R3H2S1_94,Lone Cabbage,8892,IEPRI008Y,15-25cm,PRI103805,NA,UAL20534,LP,R_F14C,likelihood
LC_R3H2S2_171,Lone Cabbage,8892,IEPRI008Z,25-35cm,PRI85778,NA,UAL21047,LP,R_F14C,likelihood
LC_R3H2S2_175,Lone Cabbage,8892,IEPRI008Z,25-35cm,PRI85779,NA,UAL21048,LP,R_F14C,likelihood
LC_R3H2S2_180,Lone Cabbage,8892,IEPRI008Z,25-35cm,PRI85780,NA,UAL21049,LP,R_F14C,likelihood
LC_R3H2S2_220,Lone Cabbage,8892,IEPRI008Z,25-35cm,PRI85781,NA,UAL21050,LP,R_F14C,likelihood
LC_R3H2S2_270,Lone Cabbage,8892,IEPRI008Z,25-35cm,PRI85782,NA,UAL21158,LP,R_F14C,likelihood
LC_R3H2S2_274,Lone Cabbage,8892,IEPRI008Z,25-35cm,PRI85783,NA,UAL21159,LP,R_F14C,likelihood
LC_R3H2S2_300,Lone Cabbage,8892,IEPRI008Z,25-35cm,PRI85784,NA,UAL21160,LP,R_F14C,likelihood
LC_R5H1S1_146,Lone Cabbage,8897,IEPRI009I,15-25cm,PRI103806,NA,UAL20182,LP,R_F14C,likelihood
LC_R5H1S1_222,Lone Cabbage,8897,IEPRI009I,15-25cm,PRI103807,NA,UAL20296,LP,R_F14C,likelihood
LC_R5H1S1_226,Lone Cabbage,8897,IEPRI009I,15-25cm,PRI103808,NA,UAL20297,LP,R_F14C,likelihood
LC_R5H1S2_149,Lone Cabbage,8897,IEPRI009J,25-35cm,PRI85807,NA,UAL21051,LP,R_F14C,likelihood
LC_R5H1S2_210,Lone Cabbage,8897,IEPRI009J,25-35cm,PRI85808,NA,UAL21052,LP,R_F14C,likelihood
LC_R5H1S2_271,Lone Cabbage,8897,IEPRI009J,25-35cm,PRI85809,NA,UAL21053,LP,R_F14C,likelihood
LC_R5H1S2_284,Lone Cabbage,8897,IEPRI009J,25-35cm,PRI85810,NA,UAL21054,LP,R_F14C,likelihood
LC_R5H1S2_301,Lone Cabbage,8897,IEPRI009J,25-35cm,PRI85811,NA,UAL21161,LP,R_F14C,likelihood
LC_R5H1S2_305,Lone Cabbage,8897,IEPRI009J,25-35cm,PRI85812,NA,UAL21162,LP,R_F14C,likelihood
LC_R5H1S2_344,Lone Cabbage,8897,IEPRI009J,25-35cm,PRI85813,NA,UAL21163,LP,R_F14C,likelihood
LC_R5H2S1_102,Lone Cabbage,8898,IEPRI009K,15-25cm,PRI103809,NA,UAL20291,LP,R_F14C,likelihood
LC_R5H2S1_147,Lone Cabbage,8898,IEPRI009K,15-25cm,PRI103810,NA,UAL20292,LP,R_F14C,likelihood
LC_R5H2S1_153,Lone Cabbage,8898,IEPRI009K,15-25cm,PRI103811,NA,UAL20179,LP,R_F14C,likelihood
LC_R5H2S1_85,Lone Cabbage,8898,IEPRI009K,15-25cm,PRI103812,NA,UAL20180,LP,R_F14C,likelihood
LC_R5H2S2_171,Lone Cabbage,8898,IEPRI009L,25-35cm,PRI103813,NA,UAL20183,LP,R_F14C,likelihood
LC_R5H2S2_192,Lone Cabbage,8898,IEPRI009L,25-35cm,PRI103814,NA,UAL20298,LP,R_F14C,likelihood
LC_R5H2S2_200,Lone Cabbage,8898,IEPRI009L,25-35cm,PRI103815,NA,UAL20184,LP,R_F14C,likelihood
LC_R5H2S2_250,Lone Cabbage,8898,IEPRI009L,25-35cm,PRI103816,NA,UAL20185,LP,R_F14C,likelihood
LC_R5H2S2_263,Lone Cabbage,8898,IEPRI009L,25-35cm,PRI103817,NA,UAL20299,LP,R_F14C,likelihood
LC_R5H3S1_106,Lone Cabbage,8899,IEPRI009M,15-25cm,PRI103818,NA,UAL20293,LP,R_F14C,likelihood
LC_R5H3S1_118,Lone Cabbage,8899,IEPRI009M,15-25cm,PRI103819,NA,UAL20294,LP,R_F14C,likelihood
LC_R5H3S1_67,Lone Cabbage,8899,IEPRI009M,15-25cm,PRI103820,NA,UAL20295,LP,R_F14C,likelihood
LC_R5H3S1_79,Lone Cabbage,8899,IEPRI009M,15-25cm,PRI103821,NA,UAL20181,LP,R_F14C,likelihood
LSG_R1H1S1_200,Little St. George Island,8900,IEPRI009O,15-25cm,PRI103822,NA,UAL20555,LP,R_F14C,likelihood
LSG_R1H1S1_44,Little St. George Island,8900,IEPRI009O,15-25cm,PRI103823,NA,UAL20554,LP,R_F14C,likelihood
LSG_R1H1S1_79,Little St. George Island,8900,IEPRI009O,15-25cm,PRI103824,NA,UAL20552,LP,R_F14C,likelihood
LSG_R1H1S1_80,Little St. George Island,8900,IEPRI009O,15-25cm,PRI103825,NA,UAL20553,LP,R_F14C,likelihood
LSG_R1H1S2_109,Little St. George Island,8900,IEPRI009P,25-35cm,PRI85844,NA,UAL21166,LP,R_F14C,likelihood
LSG_R1H1S2_23,Little St. George Island,8900,IEPRI009P,25-35cm,PRI85849,NA,UAL21055,LP,R_F14C,likelihood
LSG_R1H1S2_24,Little St. George Island,8900,IEPRI009P,25-35cm,PRI85850,NA,UAL21056,LP,R_F14C,likelihood
LSG_R1H1S2_39,Little St. George Island,8900,IEPRI009P,25-35cm,PRI85851,NA,UAL21057,LP,R_F14C,likelihood
LSG_R1H1S2_55,Little St. George Island,8900,IEPRI009P,25-35cm,PRI85848,NA,UAL21058,LP,R_F14C,likelihood
LSG_R1H1S2_65,Little St. George Island,8900,IEPRI009P,25-35cm,PRI85846,NA,UAL21164,LP,R_F14C,likelihood
LSG_R1H1S2_71,Little St. George Island,8900,IEPRI009P,25-35cm,PRI85847,NA,UAL21165,LP,R_F14C,likelihood
LSG_R1H2S1_149,Little St. George Island,8901,IEPRI009Q,15-25cm,PRI103826,NA,UAL20556,LP,R_F14C,likelihood
LSG_R1H2S1_151,Little St. George Island,8901,IEPRI009Q,15-25cm,PRI103827,NA,UAL20559,LP,R_F14C,likelihood
LSG_R1H2S1_180,Little St. George Island,8901,IEPRI009Q,15-25cm,PRI103828,NA,UAL20558,LP,R_F14C,likelihood
LSG_R1H2S1_91,Little St. George Island,8901,IEPRI009Q,15-25cm,PRI103829,NA,UAL20557,LP,R_F14C,likelihood
LSG_R1H2S2_110,Little St. George Island,8901,IEPRI009R,25-35cm,PRI103830,NA,UAL20560,LP,R_F14C,likelihood
LSG_R1H2S2_128,Little St. George Island,8901,IEPRI009R,25-35cm,PRI103831,NA,UAL20564,LP,R_F14C,likelihood
LSG_R1H2S2_165,Little St. George Island,8901,IEPRI009R,25-35cm,PRI103832,NA,UAL20562,LP,R_F14C,likelihood
LSG_R1H2S2_173,Little St. George Island,8901,IEPRI009R,25-35cm,PRI103833,NA,UAL20563,LP,R_F14C,likelihood
LSG_R1H2S2_92,Little St. George Island,8901,IEPRI009R,25-35cm,PRI103834,NA,UAL20561,LP,R_F14C,likelihood
LSG_R2H2S1_138,Little St. George Island,8904,IEPRI009W,15-25cm,PRI103835,NA,UAL20168,LP,R_F14C,likelihood
LSG_R2H2S1_139,Little St. George Island,8904,IEPRI009W,15-25cm,PRI103836,NA,UAL20166,LP,R_F14C,likelihood
LSG_R2H2S1_153,Little St. George Island,8904,IEPRI009W,15-25cm,PRI103837,NA,UAL20165,LP,R_F14C,likelihood
LSG_R2H2S1_243,Little St. George Island,8904,IEPRI009W,15-25cm,PRI103838,NA,UAL20167,LP,R_F14C,likelihood
LSG_R2H2S2_137,Little St. George Island,8904,IEPRI009X,25-35cm,PRI103839,NA,UAL20171,LP,R_F14C,likelihood
LSG_R2H2S2_140,Little St. George Island,8904,IEPRI009X,25-35cm,PRI103840,NA,UAL20280,LP,R_F14C,likelihood
LSG_R2H2S2_170,Little St. George Island,8904,IEPRI009X,25-35cm,PRI103841,NA,UAL20279,LP,R_F14C,likelihood
LSG_R2H2S2_203,Little St. George Island,8904,IEPRI009X,25-35cm,PRI103842,NA,UAL20169,LP,R_F14C,likelihood
LSG_R2H2S2_211,Little St. George Island,8904,IEPRI009X,25-35cm,PRI103843,NA,UAL20170,LP,R_F14C,likelihood
LSG_R2H3S1_124,Little St. George Island,8905,IEPRI009Y,15-25cm,PRI103844,NA,UAL20277,LP,R_F14C,likelihood
LSG_R2H3S1_265,Little St. George Island,8905,IEPRI009Y,15-25cm,PRI103845,NA,UAL20278,LP,R_F14C,likelihood
LSG_R2H3S1_38,Little St. George Island,8905,IEPRI009Y,15-25cm,PRI103846,NA,UAL20276,LP,R_F14C,likelihood
LSG_R2H3S1_7,Little St. George Island,8905,IEPRI009Y,15-25cm,PRI103847,NA,UAL20275,LP,R_F14C,likelihood
LSG_R2H3S2_106,Little St. George Island,8905,IEPRI009Z,25-35cm,PRI85700,NA,UAL21060,LP,R_F14C,likelihood
LSG_R2H3S2_113,Little St. George Island,8905,IEPRI009Z,25-35cm,PRI85701,NA,UAL21061,LP,R_F14C,likelihood
LSG_R2H3S2_151,Little St. George Island,8905,IEPRI009Z,25-35cm,PRI85702,NA,UAL21062,LP,R_F14C,likelihood
LSG_R2H3S2_169,Little St. George Island,8905,IEPRI009Z,25-35cm,PRI85703,NA,UAL21167,LP,R_F14C,likelihood
LSG_R2H3S2_192,Little St. George Island,8905,IEPRI009Z,25-35cm,PRI85704,NA,UAL21168,LP,R_F14C,likelihood
LSG_R2H3S2_193,Little St. George Island,8905,IEPRI009Z,25-35cm,PRI85705,NA,UAL21169,LP,R_F14C,likelihood
LSG_R2H3S2_97,Little St. George Island,8905,IEPRI009Z,25-35cm,PRI85699,NA,UAL21059,LP,R_F14C,likelihood
LSG_R3H2S1_113,Little St. George Island,8907,IEPRI00A2,15-25cm,PRI103848,NA,UAL20372,LP,R_F14C,likelihood
LSG_R3H2S1_17,Little St. George Island,8907,IEPRI00A2,15-25cm,PRI103849,NA,UAL20370,LP,R_F14C,likelihood
LSG_R3H2S1_19,Little St. George Island,8907,IEPRI00A2,15-25cm,PRI103850,NA,UAL20371,LP,R_F14C,likelihood
LSG_R3H2S1_22,Little St. George Island,8907,IEPRI00A2,15-25cm,PRI103851,NA,UAL20373,LP,R_F14C,likelihood
LSG_R3H2S1_51,Little St. George Island,8907,IEPRI00A2,15-25cm,PRI103852,NA,UAL20369,LP,R_F14C,likelihood
LSG_R3H2S2_105,Little St. George Island,8907,IEPRI00A3,25-35cm,PRI103853,NA,UAL20374,LP,R_F14C,likelihood
LSG_R3H2S2_132,Little St. George Island,8907,IEPRI00A3,25-35cm,PRI103854,NA,UAL20378,LP,R_F14C,likelihood
LSG_R3H2S2_72,Little St. George Island,8907,IEPRI00A3,25-35cm,PRI103855,NA,UAL20377,LP,R_F14C,likelihood
LSG_R3H2S2_84,Little St. George Island,8907,IEPRI00A3,25-35cm,PRI103856,NA,UAL20375,LP,R_F14C,likelihood
LSG_R3H2S2_99,Little St. George Island,8907,IEPRI00A3,25-35cm,PRI103857,NA,UAL20376,LP,R_F14C,likelihood
MR_R2H1S1_102,Matanzas River,8912,IEPRI00AC,15-25cm,PRI103858,NA,UAL20334,LP,R_F14C,likelihood
MR_R2H1S1_104,Matanzas River,8912,IEPRI00AC,15-25cm,PRI103859,NA,UAL20332,LP,R_F14C,likelihood
MR_R2H1S1_72,Matanzas River,8912,IEPRI00AC,15-25cm,PRI103860,NA,UAL20223,LP,R_F14C,likelihood
MR_R2H1S1_87,Matanzas River,8912,IEPRI00AC,15-25cm,PRI103861,NA,UAL20333,LP,R_F14C,likelihood
MR_R2H1S2_108,Matanzas River,8912,IEPRI00AD,25-35cm,PRI103862,NA,UAL20225,LP,R_F14C,likelihood
MR_R2H1S2_31,Matanzas River,8912,IEPRI00AD,25-35cm,PRI103863,NA,UAL20226,LP,R_F14C,likelihood
MR_R2H1S2_41,Matanzas River,8912,IEPRI00AD,25-35cm,PRI103864,NA,UAL20338,LP,R_F14C,likelihood
MR_R2H1S2_74,Matanzas River,8912,IEPRI00AD,25-35cm,PRI103865,NA,UAL20227,LP,R_F14C,likelihood
MR_R2H1S2_96,Matanzas River,8912,IEPRI00AD,25-35cm,PRI103866,NA,UAL20339,LP,R_F14C,likelihood
MR_R2H2S1_148,Matanzas River,8913,IEPRI00AE,15-25cm,PRI103867,NA,UAL20331,LP,R_F14C,likelihood
MR_R2H2S1_49,Matanzas River,8913,IEPRI00AE,15-25cm,PRI103868,NA,UAL20221,LP,R_F14C,likelihood
MR_R2H2S1_89,Matanzas River,8913,IEPRI00AE,15-25cm,PRI103869,NA,UAL20330,LP,R_F14C,likelihood
MR_R2H2S1_91,Matanzas River,8913,IEPRI00AE,15-25cm,PRI103870,NA,UAL20222,LP,R_F14C,likelihood
MR_R2H2S2_120,Matanzas River,8913,IEPRI00AF,25-35cm,PRI85735,NA,UAL21063,LP,R_F14C,likelihood
MR_R2H2S2_122,Matanzas River,8913,IEPRI00AF,25-35cm,PRI85739,NA,UAL21064,LP,R_F14C,likelihood
MR_R2H2S2_132,Matanzas River,8913,IEPRI00AF,25-35cm,PRI85734,NA,UAL21065,LP,R_F14C,likelihood
MR_R2H2S2_154,Matanzas River,8913,IEPRI00AF,25-35cm,PRI85736,NA,UAL21066,LP,R_F14C,likelihood
MR_R2H2S2_169,Matanzas River,8913,IEPRI00AF,25-35cm,PRI85738,NA,UAL21170,LP,R_F14C,likelihood
MR_R2H2S2_234,Matanzas River,8913,IEPRI00AF,25-35cm,PRI85737,NA,UAL21171,LP,R_F14C,likelihood
MR_R2H2S2_243,Matanzas River,8913,IEPRI00AF,25-35cm,PRI85740,NA,UAL21172,LP,R_F14C,likelihood
MR_R2H3S1_104,Matanzas River,8914,IEPRI00AG,15-25cm,PRI103871,NA,UAL20224,LP,R_F14C,likelihood
MR_R2H3S1_114,Matanzas River,8914,IEPRI00AG,15-25cm,PRI103872,NA,UAL20337,LP,R_F14C,likelihood
MR_R2H3S1_74,Matanzas River,8914,IEPRI00AG,15-25cm,PRI103873,NA,UAL20336,LP,R_F14C,likelihood
MR_R2H3S1_77,Matanzas River,8914,IEPRI00AG,15-25cm,PRI103874,NA,UAL20335,LP,R_F14C,likelihood
MR_R3H1S1_122,Matanzas River,8450,IEPRI003W,15-25cm,PRI103875,NA,UAL20420,LP,R_F14C,likelihood
MR_R3H1S1_131,Matanzas River,8450,IEPRI003W,15-25cm,PRI103876,NA,UAL20422,LP,R_F14C,likelihood
MR_R3H1S1_183,Matanzas River,8450,IEPRI003W,15-25cm,PRI103877,NA,UAL20419,LP,R_F14C,likelihood
MR_R3H1S1_210,Matanzas River,8450,IEPRI003W,15-25cm,PRI103878,NA,UAL20426,LP,R_F14C,likelihood
MR_R3H1S1_90,Matanzas River,8450,IEPRI003W,15-25cm,PRI103879,NA,UAL20423,LP,R_F14C,likelihood
MR_R3H2S1_103,Matanzas River,8916,IEPRI00AI,15-25cm,PRI103880,NA,UAL20427,LP,R_F14C,likelihood
MR_R3H2S1_31,Matanzas River,8916,IEPRI00AI,15-25cm,PRI103881,NA,UAL20421,LP,R_F14C,likelihood
MR_R3H2S1_38,Matanzas River,8916,IEPRI00AI,15-25cm,PRI103882,NA,UAL20416,LP,R_F14C,likelihood
MR_R3H2S1_40,Matanzas River,8916,IEPRI00AI,15-25cm,PRI103883,NA,UAL20425,LP,R_F14C,likelihood
MR_R3H2S2_43,Matanzas River,8916,IEPRI00AJ,25-35cm,PRI103884,NA,UAL20428,LP,R_F14C,likelihood
MR_R3H2S2_58,Matanzas River,8916,IEPRI00AJ,25-35cm,PRI103885,NA,UAL20431,LP,R_F14C,likelihood
MR_R3H2S2_68,Matanzas River,8916,IEPRI00AJ,25-35cm,PRI103886,NA,UAL20429,LP,R_F14C,likelihood
MR_R3H2S2_69,Matanzas River,8916,IEPRI00AJ,25-35cm,PRI103887,NA,UAL20430,LP,R_F14C,likelihood
MR_R3H2S2_98,Matanzas River,8916,IEPRI00AJ,25-35cm,PRI103888,NA,UAL20432,LP,R_F14C,likelihood
MR_R3H3S1_38,Matanzas River,8917,IEPRI00AK,15-25cm,PRI103889,NA,UAL20424,LP,R_F14C,likelihood
MR_R3H3S1_69,Matanzas River,8917,IEPRI00AK,15-25cm,PRI103890,NA,UAL20418,LP,R_F14C,likelihood
MR_R3H3S1_90,Matanzas River,8917,IEPRI00AK,15-25cm,PRI103891,NA,UAL20417,LP,R_F14C,likelihood
GR_R1H1S1_117,Guana River,8849,IEPRI005S,15-25cm,PRI103623,NA,UAL20237,LP,R_F14C,likelihood
GR_R1H1S1_119,Guana River,8849,IEPRI005S,15-25cm,PRI103624,NA,UAL20236,LP,R_F14C,likelihood
GR_R1H1S1_45,Guana River,8849,IEPRI005S,15-25cm,PRI103625,NA,UAL20238,LP,R_F14C,likelihood
GR_R1H1S1_83,Guana River,8849,IEPRI005S,15-25cm,PRI103626,NA,UAL20235,LP,R_F14C,likelihood
GR_R1H1S1_97,Guana River,8849,IEPRI005S,15-25cm,PRI103627,NA,UAL20239,LP,R_F14C,likelihood
GR_R1H1S2_122,Guana River,8849,IEPRI005T,25-35cm,PRI85822,NA,UAL21105,LP,R_F14C,likelihood
GR_R1H1S2_148,Guana River,8849,IEPRI005T,25-35cm,PRI85823,NA,UAL21106,LP,R_F14C,likelihood
GR_R1H1S2_168,Guana River,8849,IEPRI005T,25-35cm,PRI85824,NA,UAL21107,LP,R_F14C,likelihood
GR_R1H1S2_173,Guana River,8849,IEPRI005T,25-35cm,PRI85825,NA,UAL21137,LP,R_F14C,likelihood
GR_R1H1S2_181,Guana River,8849,IEPRI005T,25-35cm,PRI85826,NA,UAL21138,LP,R_F14C,likelihood
GR_R1H1S2_184,Guana River,8849,IEPRI005T,25-35cm,PRI85827,NA,UAL21139,LP,R_F14C,likelihood
GR_R1H1S2_69,Guana River,8849,IEPRI005T,25-35cm,PRI85821,NA,UAL21104,LP,R_F14C,likelihood
GR_R1H2S1_20,Guana River,8850,IEPRI005U,15-25cm,PRI103628,NA,UAL20240,LP,R_F14C,likelihood
GR_R1H2S1_86,Guana River,8850,IEPRI005U,15-25cm,PRI103629,NA,UAL20241,LP,R_F14C,likelihood
GR_R1H3S1_110,Guana River,8851,IEPRI005W,15-25cm,PRI103630,NA,UAL18028,LP,R_F14C,likelihood
GR_R1H3S1_62,Guana River,8851,IEPRI005W,15-25cm,PRI103631,NA,UAL18024,LP,R_F14C,likelihood
GR_R1H3S1_71,Guana River,8851,IEPRI005W,15-25cm,PRI103632,NA,UAL18025,LP,R_F14C,likelihood
GR_R1H3S1_77,Guana River,8851,IEPRI005W,15-25cm,PRI103633,NA,UAL18026,LP,R_F14C,likelihood
GR_R1H3S1_99,Guana River,8851,IEPRI005W,15-25cm,PRI103634,NA,UAL18027,LP,R_F14C,likelihood
GR_R1H3S2_1,Guana River,8851,IEPRI005X,25-35cm,PRI103635,NA,UAL18029,LP,R_F14C,likelihood
GR_R1H3S2_2,Guana River,8851,IEPRI005X,25-35cm,PRI103636,NA,UAL18030,LP,R_F14C,likelihood
GR_R1H3S2_3,Guana River,8851,IEPRI005X,25-35cm,PRI103637,NA,UAL18031,LP,R_F14C,likelihood
GR_R1H3S2_4,Guana River,8851,IEPRI005X,25-35cm,PRI103638,NA,UAL18032,LP,R_F14C,likelihood
GR_R1H3S2_5,Guana River,8851,IEPRI005X,25-35cm,PRI103639,NA,UAL18033,LP,R_F14C,likelihood
GR_R2H1S1_104,Guana River,8852,IEPRI005Y,15-25cm,PRI103640,NA,UAL20479,LP,R_F14C,likelihood
GR_R2H1S1_80,Guana River,8852,IEPRI005Y,15-25cm,PRI103641,NA,UAL20482,LP,R_F14C,likelihood
GR_R2H1S1_96,Guana River,8852,IEPRI005Y,15-25cm,PRI103642,NA,UAL20480,LP,R_F14C,likelihood
GR_R2H1S2_116,Guana River,8852,IEPRI005Z,25-35cm,PRI103643,NA,UAL20494,LP,R_F14C,likelihood
GR_R2H1S2_42,Guana River,8852,IEPRI005Z,25-35cm,PRI103644,NA,UAL20493,LP,R_F14C,likelihood
GR_R2H1S2_55,Guana River,8852,IEPRI005Z,25-35cm,PRI103645,NA,UAL20492,LP,R_F14C,likelihood
GR_R2H1S2_59,Guana River,8852,IEPRI005Z,25-35cm,PRI103646,NA,UAL20491,LP,R_F14C,likelihood
GR_R2H1S2_60,Guana River,8852,IEPRI005Z,25-35cm,PRI103647,NA,UAL20495,LP,R_F14C,likelihood
GR_R2H2S1_108,Guana River,8853,IEPRI006I,15-25cm,PRI103648,NA,UAL20487,LP,R_F14C,likelihood
GR_R2H2S1_114,Guana River,8853,IEPRI006I,15-25cm,PRI103649,NA,UAL20483,LP,R_F14C,likelihood
GR_R2H2S1_24,Guana River,8853,IEPRI006I,15-25cm,PRI103650,NA,UAL20485,LP,R_F14C,likelihood
GR_R2H2S1_33,Guana River,8853,IEPRI006I,15-25cm,PRI103651,NA,UAL20484,LP,R_F14C,likelihood
GR_R2H2S1_6,Guana River,8853,IEPRI006I,15-25cm,PRI103652,NA,UAL20490,LP,R_F14C,likelihood
GR_R2H2S1_66,Guana River,8853,IEPRI006I,15-25cm,PRI103653,NA,UAL20489,LP,R_F14C,likelihood
GR_R2H3S1_31,Guana River,8854,IEPRI006K,15-25cm,PRI103654,NA,UAL20486,LP,R_F14C,likelihood
GR_R2H3S1_36,Guana River,8854,IEPRI006K,15-25cm,PRI103655,NA,UAL20488,LP,R_F14C,likelihood
GR_R2H3S1_51,Guana River,8854,IEPRI006K,15-25cm,PRI103656,NA,UAL20481,LP,R_F14C,likelihood
GR_R3H1S1_126,Guana River,8855,IEPRI006M,15-25cm,PRI103657,NA,UAL20390,LP,R_F14C,likelihood
GR_R3H1S1_129,Guana River,8855,IEPRI006M,15-25cm,PRI103658,NA,UAL20395,LP,R_F14C,likelihood
GR_R3H1S1_62,Guana River,8855,IEPRI006M,15-25cm,PRI103659,NA,UAL20391,LP,R_F14C,likelihood
GR_R3H2S1_13,Guana River,8449,IEPRI003V,15-25cm,PRI103660,NA,UAL20394,LP,R_F14C,likelihood
GR_R3H2S1_149,Guana River,8449,IEPRI003V,15-25cm,PRI103661,NA,UAL20392,LP,R_F14C,likelihood
GR_R3H2S1_30,Guana River,8449,IEPRI003V,15-25cm,PRI103662,NA,UAL20400,LP,R_F14C,likelihood
GR_R3H2S1_49,Guana River,8449,IEPRI003V,15-25cm,PRI103663,NA,UAL20399,LP,R_F14C,likelihood
GR_R3H2S1_55,Guana River,8449,IEPRI003V,15-25cm,PRI103664,NA,UAL20396,LP,R_F14C,likelihood
GR_R3H2S2_139,Guana River,8449,IEPRI006O,25-35cm,PRI103665,NA,UAL20404,LP,R_F14C,likelihood
GR_R3H2S2_169,Guana River,8449,IEPRI006O,25-35cm,PRI103666,NA,UAL20402,LP,R_F14C,likelihood
GR_R3H2S2_30,Guana River,8449,IEPRI006O,25-35cm,PRI103667,NA,UAL20405,LP,R_F14C,likelihood
GR_R3H2S2_52,Guana River,8449,IEPRI006O,25-35cm,PRI103668,NA,UAL20403,LP,R_F14C,likelihood
GR_R3H2S2_60,Guana River,8449,IEPRI006O,25-35cm,PRI103669,NA,UAL20401,LP,R_F14C,likelihood
GR_R3H3S1_135,Guana River,8857,IEPRI006P,15-25cm,PRI103670,NA,UAL20393,LP,R_F14C,likelihood
GR_R3H3S1_43,Guana River,8857,IEPRI006P,15-25cm,PRI103671,NA,UAL20397,LP,R_F14C,likelihood
GR_R3H3S1_56,Guana River,8857,IEPRI006P,15-25cm,PRI103672,NA,UAL20398,LP,R_F14C,likelihood
GR_R3H3S1_88,Guana River,8857,IEPRI006P,15-25cm,PRI103673,NA,UAL20389,LP,R_F14C,likelihood
GR_R3H3S2_36,Guana River,8857,IEPRI006Q,25-35cm,PRI85792,NA,UAL21108,LP,R_F14C,likelihood
GR_R3H3S2_43,Guana River,8857,IEPRI006Q,25-35cm,PRI85794,NA,UAL21109,LP,R_F14C,likelihood
GR_R3H3S2_46,Guana River,8857,IEPRI006Q,25-35cm,PRI85793,NA,UAL21110,LP,R_F14C,likelihood
GR_R3H3S2_59,Guana River,8857,IEPRI006Q,25-35cm,PRI85795,NA,UAL21111,LP,R_F14C,likelihood
GR_R3H3S2_80,Guana River,8857,IEPRI006Q,25-35cm,PRI85796,NA,UAL21140,LP,R_F14C,likelihood
GR_R3H3S2_81,Guana River,8857,IEPRI006Q,25-35cm,PRI85797,NA,UAL21141,LP,R_F14C,likelihood
GR_R3H3S2_83,Guana River,8857,IEPRI006Q,25-35cm,PRI85798,NA,UAL21142,LP,R_F14C,likelihood
PC_R1H1S1_104,Pellicer Creek,8451,IEPRI003X,15-25cm,PRI103919,NA,UAL20250,LP,R_F14C,likelihood
PC_R1H1S1_237,Pellicer Creek,8451,IEPRI003X,15-25cm,PRI103920,NA,UAL20249,LP,R_F14C,likelihood
PC_R1H1S1_403,Pellicer Creek,8451,IEPRI003X,15-25cm,PRI103921,NA,UAL20251,LP,R_F14C,likelihood
PC_R1H1S1_414,Pellicer Creek,8451,IEPRI003X,15-25cm,PRI103922,NA,UAL20195,LP,R_F14C,likelihood
PC_R1H1S2_108,Pellicer Creek,8451,IEPRI00B0,25-35cm,PRI85720,NA,UAL21027,LP,R_F14C,likelihood
PC_R1H1S2_135,Pellicer Creek,8451,IEPRI00B0,25-35cm,PRI85721,NA,UAL21028,LP,R_F14C,likelihood
PC_R1H1S2_139,Pellicer Creek,8451,IEPRI00B0,25-35cm,PRI85722,NA,UAL21029,LP,R_F14C,likelihood
PC_R1H1S2_175,Pellicer Creek,8451,IEPRI00B0,25-35cm,PRI85723,NA,UAL21030,LP,R_F14C,likelihood
PC_R1H1S2_332,Pellicer Creek,8451,IEPRI00B0,25-35cm,PRI85724,NA,UAL21122,LP,R_F14C,likelihood
PC_R1H1S2_342,Pellicer Creek,8451,IEPRI00B0,25-35cm,PRI85725,NA,UAL21123,LP,R_F14C,likelihood
PC_R1H1S2_360,Pellicer Creek,8451,IEPRI00B0,25-35cm,PRI85726,NA,UAL21124,LP,R_F14C,likelihood
PC_R1H2S1_109,Pellicer Creek,8927,IEPRI00B1,15-25cm,PRI103923,NA,UAL20196,LP,R_F14C,likelihood
PC_R1H2S1_187,Pellicer Creek,8927,IEPRI00B1,15-25cm,PRI103924,NA,UAL20252,LP,R_F14C,likelihood
PC_R1H2S1_195,Pellicer Creek,8927,IEPRI00B1,15-25cm,PRI103925,NA,UAL20248,LP,R_F14C,likelihood
PC_R1H2S1_33,Pellicer Creek,8927,IEPRI00B1,15-25cm,PRI103926,NA,UAL20254,LP,R_F14C,likelihood
PC_R1H3S1_176,Pellicer Creek,8928,IEPRI00B3,15-25cm,PRI103927,NA,UAL20193,LP,R_F14C,likelihood
PC_R1H3S1_182,Pellicer Creek,8928,IEPRI00B3,15-25cm,PRI103928,NA,UAL20194,LP,R_F14C,likelihood
PC_R1H3S1_297,Pellicer Creek,8928,IEPRI00B3,15-25cm,PRI103929,NA,UAL20255,LP,R_F14C,likelihood
PC_R1H3S1_316,Pellicer Creek,8928,IEPRI00B3,15-25cm,PRI103930,NA,UAL20253,LP,R_F14C,likelihood
PC_R1H3S2_103,Pellicer Creek,8928,IEPRI00B4,25-35cm,PRI103931,NA,UAL20198,LP,R_F14C,likelihood
PC_R1H3S2_119,Pellicer Creek,8928,IEPRI00B4,25-35cm,PRI103932,NA,UAL20257,LP,R_F14C,likelihood
PC_R1H3S2_154,Pellicer Creek,8928,IEPRI00B4,25-35cm,PRI103933,NA,UAL20197,LP,R_F14C,likelihood
PC_R1H3S2_161,Pellicer Creek,8928,IEPRI00B4,25-35cm,PRI103934,NA,UAL20199,LP,R_F14C,likelihood
PC_R1H3S2_167,Pellicer Creek,8928,IEPRI00B4,25-35cm,PRI103935,NA,UAL20256,LP,R_F14C,likelihood
PC_R2H1S1_116,Pellicer Creek,8929,IEPRI00B5,15-25cm,PRI103936,NA,UAL20498,LP,R_F14C,likelihood
PC_R2H1S1_280,Pellicer Creek,8929,IEPRI00B5,15-25cm,PRI103937,NA,UAL20497,LP,R_F14C,likelihood
PC_R2H1S1_334,Pellicer Creek,8929,IEPRI00B5,15-25cm,PRI103938,NA,UAL20496,LP,R_F14C,likelihood
PC_R2H1S1_335,Pellicer Creek,8929,IEPRI00B5,15-25cm,PRI103939,NA,UAL20499,LP,R_F14C,likelihood
PC_R2H1S2_112,Pellicer Creek,8929,IEPRI00B6,25-35cm,PRI85860,NA,UAL21033,LP,R_F14C,likelihood
PC_R2H1S2_158,Pellicer Creek,8929,IEPRI00B6,25-35cm,PRI85859,NA,UAL22034,LP,R_F14C,likelihood
PC_R2H1S2_165,Pellicer Creek,8929,IEPRI00B6,25-35cm,PRI85861,NA,UAL21125,LP,R_F14C,likelihood
PC_R2H1S2_166,Pellicer Creek,8929,IEPRI00B6,25-35cm,PRI85863,NA,UAL21126,LP,R_F14C,likelihood
PC_R2H1S2_171,Pellicer Creek,8929,IEPRI00B6,25-35cm,PRI85862,NA,UAL21127,LP,R_F14C,likelihood
PC_R2H1S2_68,Pellicer Creek,8929,IEPRI00B6,25-35cm,PRI85865,NA,UAL21031,LP,R_F14C,likelihood
PC_R2H1S2_99,Pellicer Creek,8929,IEPRI00B6,25-35cm,PRI85864,NA,UAL21032,LP,R_F14C,likelihood
PC_R2H2S1_173,Pellicer Creek,8930,IEPRI00B7,15-25cm,PRI103940,NA,UAL20500,LP,R_F14C,likelihood
PC_R2H2S1_241,Pellicer Creek,8930,IEPRI00B7,15-25cm,PRI103941,NA,UAL20502,LP,R_F14C,likelihood
PC_R2H2S1_309,Pellicer Creek,8930,IEPRI00B7,15-25cm,PRI103942,NA,UAL20501,LP,R_F14C,likelihood
PC_R2H2S1_97,Pellicer Creek,8930,IEPRI00B7,15-25cm,PRI103943,NA,UAL20503,LP,R_F14C,likelihood
PC_R2H2S2_114,Pellicer Creek,8930,IEPRI00B8,25-35cm,PRI103944,NA,UAL20508,LP,R_F14C,likelihood
PC_R2H2S2_117,Pellicer Creek,8930,IEPRI00B8,25-35cm,PRI103945,NA,UAL20505,LP,R_F14C,likelihood
PC_R2H2S2_39,Pellicer Creek,8930,IEPRI00B8,25-35cm,PRI103946,NA,UAL20506,LP,R_F14C,likelihood
PC_R2H2S2_86,Pellicer Creek,8930,IEPRI00B8,25-35cm,PRI103947,NA,UAL20507,LP,R_F14C,likelihood
PC_R2H2S2_90,Pellicer Creek,8930,IEPRI00B8,25-35cm,PRI103948,NA,UAL20504,LP,R_F14C,likelihood
PC_R3H1S1_10,Pellicer Creek,8932,IEPRI00BB,15-25cm,PRI103949,NA,UAL20410,LP,R_F14C,likelihood
PC_R3H1S1_109,Pellicer Creek,8932,IEPRI00BB,15-25cm,PRI103950,NA,UAL20406,LP,R_F14C,likelihood
PC_R3H1S1_170,Pellicer Creek,8932,IEPRI00BB,15-25cm,PRI103951,NA,UAL20408,LP,R_F14C,likelihood
PC_R3H1S1_181,Pellicer Creek,8932,IEPRI00BB,15-25cm,PRI103952,NA,UAL20409,LP,R_F14C,likelihood
PC_R3H1S1_189,Pellicer Creek,8932,IEPRI00BB,15-25cm,PRI103953,NA,UAL20407,LP,R_F14C,likelihood
PC_R3H1S2_102,Pellicer Creek,8932,IEPRI00BC,25-35cm,PRI103954,NA,UAL20411,LP,R_F14C,likelihood
PC_R3H1S2_144,Pellicer Creek,8932,IEPRI00BC,25-35cm,PRI103955,NA,UAL20415,LP,R_F14C,likelihood
PC_R3H1S2_257,Pellicer Creek,8932,IEPRI00BC,25-35cm,PRI103956,NA,UAL20414,LP,R_F14C,likelihood
PC_R3H1S2_83,Pellicer Creek,8932,IEPRI00BC,25-35cm,PRI103957,NA,UAL20412,LP,R_F14C,likelihood
PC_R3H1S2_97,Pellicer Creek,8932,IEPRI00BC,25-35cm,PRI103958,NA,UAL20413,LP,R_F14C,likelihood
PC_R3H2S1_104,Pellicer Creek,8933,IEPRI00BD,15-25cm,PRI85666,NA,UAL21190,LP,R_F14C,likelihood
PC_R3H2S1_243,Pellicer Creek,8933,IEPRI00BD,15-25cm,PRI85653,NA,UAL21191,LP,R_F14C,likelihood
PC_R3H2S1_41,Pellicer Creek,8933,IEPRI00BD,15-25cm,PRI85661,NA,UAL21128,LP,R_F14C,likelihood
PC_R3H2S1_60,Pellicer Creek,8933,IEPRI00BD,15-25cm,PRI85662,NA,UAL21129,LP,R_F14C,likelihood
PC_R3H2S1_73,Pellicer Creek,8933,IEPRI00BD,15-25cm,PRI85663,NA,UAL21130,LP,R_F14C,likelihood
PC_R3H2S1_81,Pellicer Creek,8933,IEPRI00BD,15-25cm,PRI85664,NA,UAL21131,LP,R_F14C,likelihood
PC_R3H2S1_90,Pellicer Creek,8933,IEPRI00BD,15-25cm,PRI85665,NA,UAL21189,LP,R_F14C,likelihood
PC_R3H2S2_141,Pellicer Creek,8933,IEPRI00BE,25-35cm,PRI85818,NA,UAL21192,LP,R_F14C,likelihood
PC_R3H2S2_173,Pellicer Creek,8933,IEPRI00BE,25-35cm,PRI85819,NA,UAL21193,LP,R_F14C,likelihood
PC_R3H2S2_178,Pellicer Creek,8933,IEPRI00BE,25-35cm,PRI85820,NA,UAL22136,LP,R_F14C,likelihood
PC_R3H2S2_24,Pellicer Creek,8933,IEPRI00BE,25-35cm,PRI85814,NA,UAL21132,LP,R_F14C,likelihood
PC_R3H2S2_36,Pellicer Creek,8933,IEPRI00BE,25-35cm,PRI85815,NA,UAL21133,LP,R_F14C,likelihood
PC_R3H2S2_84,Pellicer Creek,8933,IEPRI00BE,25-35cm,PRI85816,NA,UAL21134,LP,R_F14C,likelihood
PC_R3H2S2_90,Pellicer Creek,8933,IEPRI00BE,25-35cm,PRI85817,NA,UAL21135,LP,R_F14C,likelihood
JI-WC_R1H1S1_164,Jack Island,8452,IEPRI003Y,15-25cm,PRI103701,NA,UAL20186,LP,R_F14C,likelihood
JI-WC_R1H1S1_57,Jack Island,8452,IEPRI003Y,15-25cm,PRI103704,NA,UAL20187,LP,R_F14C,likelihood
JI-WC_R1H1S1_276,Jack Island,8452,IEPRI003Y,15-25cm,PRI103703,NA,UAL20244,LP,R_F14C,likelihood
JI-WC_R1H1S1_246,Jack Island,8452,IEPRI003Y,15-25cm,PRI103702,NA,UAL20245,LP,R_F14C,likelihood
JI-WC_R1H1S2_106,Jack Island,8452,IEPRI007I,25-35cm,PRI85655,NA,UAL21021,LP,R_F14C,likelihood
JI-WC_R1H1S2_108,Jack Island,8452,IEPRI007I,25-35cm,PRI85656,NA,UAL21022,LP,R_F14C,likelihood
JI-WC_R1H1S2_132,Jack Island,8452,IEPRI007I,25-35cm,PRI85657,NA,UAL21023,LP,R_F14C,likelihood
JI-WC_R1H1S2_167,Jack Island,8452,IEPRI007I,25-35cm,PRI85658,NA,UAL21121,LP,R_F14C,likelihood
JI-WC_R1H1S2_291,Jack Island,8452,IEPRI007I,25-35cm,PRI85659,NA,UAL21143,LP,R_F14C,likelihood
JI-WC_R1H1S2_295,Jack Island,8452,IEPRI007I,25-35cm,PRI85660,NA,UAL21144,LP,R_F14C,likelihood
JI-WC_R1H1S2_93,Jack Island,8452,IEPRI007I,25-35cm,PRI85654,NA,UAL21020,LP,R_F14C,likelihood
JI-WC_R1H2S1_102,Jack Island,8871,IEPRI007J,15-25cm,PRI103705,NA,UAL20188,LP,R_F14C,likelihood
JI-WC_R1H2S1_245,Jack Island,8871,IEPRI007J,15-25cm,PRI103706,NA,UAL20189,LP,R_F14C,likelihood
JI-WC_R1H2S2_150,Jack Island,8871,IEPRI007K,25-35cm,PRI103709,NA,UAL20190,LP,R_F14C,likelihood
JI-WC_R1H2S2_207,Jack Island,8871,IEPRI007K,25-35cm,PRI103713,NA,UAL20191,LP,R_F14C,likelihood
JI-WC_R1H2S2_176,Jack Island,8871,IEPRI007K,25-35cm,PRI103710,NA,UAL20192,LP,R_F14C,likelihood
JI-WC_R1H2S2_200,Jack Island,8871,IEPRI007K,25-35cm,PRI103712,NA,UAL20242,LP,R_F14C,likelihood
JI-WC_R1H2S2_185,Jack Island,8871,IEPRI007K,25-35cm,PRI103711,NA,UAL20243,LP,R_F14C,likelihood
JI-WC_R1H2S1_89,Jack Island,8871,IEPRI007J,15-25cm,PRI103708,NA,UAL20246,LP,R_F14C,likelihood
JI-WC_R1H2S1_252,Jack Island,8871,IEPRI007J,15-25cm,PRI103707,NA,UAL20247,LP,R_F14C,likelihood
JI-WC_R2H1S1_317,Jack Island,8873,IEPRI007N,15-25cm,PRI103716,NA,UAL20509,LP,R_F14C,likelihood
JI-WC_R2H1S1_228,Jack Island,8873,IEPRI007N,15-25cm,PRI103715,NA,UAL20510,LP,R_F14C,likelihood
JI-WC_R2H1S1_408,Jack Island,8873,IEPRI007N,15-25cm,PRI103718,NA,UAL20511,LP,R_F14C,likelihood
JI-WC_R2H1S1_401,Jack Island,8873,IEPRI007N,15-25cm,PRI103717,NA,UAL20512,LP,R_F14C,likelihood
JI-WC_R2H1S1_206,Jack Island,8873,IEPRI007N,15-25cm,PRI103714,NA,UAL20513,LP,R_F14C,likelihood
JI-WC_R2H1S2_308,Jack Island,8873,IEPRI007O,25-35cm,PRI103722,NA,UAL20514,LP,R_F14C,likelihood
JI-WC_R2H1S2_140,Jack Island,8873,IEPRI007O,25-35cm,PRI103719,NA,UAL20515,LP,R_F14C,likelihood
JI-WC_R2H1S2_318,Jack Island,8873,IEPRI007O,25-35cm,PRI103723,NA,UAL20516,LP,R_F14C,likelihood
JI-WC_R2H1S2_180,Jack Island,8873,IEPRI007O,25-35cm,PRI103720,NA,UAL20517,LP,R_F14C,likelihood
JI-WC_R2H1S2_267,Jack Island,8873,IEPRI007O,25-35cm,PRI103721,NA,UAL20518,LP,R_F14C,likelihood
JI-WC_R2H3S1_137,Jack Island,8875,IEPRI007R,15-25cm,PRI85669,NA,UAL21026,LP,R_F14C,likelihood
JI-WC_R2H3S1_21,Jack Island,8875,IEPRI007R,15-25cm,PRI85667,NA,UAL21024,LP,R_F14C,likelihood
JI-WC_R2H3S1_223,Jack Island,8875,IEPRI007R,15-25cm,PRI85652,NA,UAL21145,LP,R_F14C,likelihood
JI-WC_R2H3S1_228,Jack Island,8875,IEPRI007R,15-25cm,PRI85670,NA,UAL21146,LP,R_F14C,likelihood
JI-WC_R2H3S1_237,Jack Island,8875,IEPRI007R,15-25cm,PRI85671,NA,UAL21147,LP,R_F14C,likelihood
JI-WC_R2H3S1_267,Jack Island,8875,IEPRI007R,15-25cm,PRI85672,NA,UAL21148,LP,R_F14C,likelihood
JI-WC_R2H3S1_98,Jack Island,8875,IEPRI007R,15-25cm,PRI85668,NA,UAL21025,LP,R_F14C,likelihood
JI-WC_R2H3S2_48,Jack Island,8875,IEPRI007S,25-35cm,PRI85713,NA,UAL21036,LP,R_F14C,likelihood
JI-WC_R2H3S2_92,Jack Island,8875,IEPRI007S,25-35cm,PRI85719,NA,UAL21036,LP,R_F14C,likelihood
JI-WC_R2H3S2_93,Jack Island,8875,IEPRI007S,25-35cm,PRI85714,NA,UAL21037,LP,R_F14C,likelihood
JI-WC_R2H3S2_94,Jack Island,8875,IEPRI007S,25-35cm,PRI85715,NA,UAL21038,LP,R_F14C,likelihood
JI-WC_R2H3S2_95,Jack Island,8875,IEPRI007S,25-35cm,PRI85716,NA,UAL21149,LP,R_F14C,likelihood
JI-WC_R2H3S2_96,Jack Island,8875,IEPRI007S,25-35cm,PRI85717,NA,UAL21150,LP,R_F14C,likelihood
JI-WC_R2H3S2_97,Jack Island,8875,IEPRI007S,25-35cm,PRI85718,NA,UAL21151,LP,R_F14C,likelihood
